date, pm25, pm10, o3, no2,region
2020/12/1, 72, 5, 19, 9,occitanie
2020/12/2, 12, 8, 29, 13,occitanie
2020/12/3, 18, 10, 20, 13,occitanie
2020/12/4, 10, 12, 18, 13,occitanie
2020/12/5, 44, 13, 20, 10,occitanie
2020/12/6, 48, 12, 12, 19,occitanie
2020/12/7, 26, 15, 20, 9,occitanie
2020/12/8, 56, 7, 21, 5,occitanie
2020/12/9, 24, 6, 13, 11,occitanie
2020/12/10, 18, 21, 5, 11,occitanie
2020/12/11, 66, 17, 28, 7,occitanie
2020/12/12, 66, 8, 25, 14,occitanie
2020/12/13, 23, 25, 26, 14,occitanie
2020/12/14, 66, 32, 25, 11,occitanie
2020/12/15, 37, 20, 22, 13,occitanie
2020/12/16, 34, 24, 16, 15,occitanie
2020/12/17, 44, 18, 25, 11,occitanie
2020/12/18, 44, 31, 27, 11,occitanie
2020/12/19, 37, 26, 27, 8,occitanie
2020/12/20, 36, 19, 12, 9,occitanie
2020/12/21, 54, 19, 7, 9,occitanie
2020/12/22, 59, 17, 9, 8,occitanie
2020/12/23, 42, 10, 23, 11,occitanie
2020/12/24, 24, 8, 20, 6,occitanie
2020/12/25, 12, , , ,occitanie
2020/11/1, 67, 27, 15, 7,occitanie
2020/11/2, 77, 18, 23, 6,occitanie
2020/11/3, 55, 9, 26, 7,occitanie
2020/11/4, 11, 11, 19, 6,occitanie
2020/11/5, 20, 17, 18, 13,occitanie
2020/11/6, 40, 30, 25, 6,occitanie
2020/11/7, 60, 26, 23, 5,occitanie
2020/11/8, 34, 25, 21, 13,occitanie
2020/11/9, 39, 22, 9, 12,occitanie
2020/11/10, 54, 16, 21, 8,occitanie
2020/11/11, 46, 25, 22, 12,occitanie
2020/11/12, 60, 26, 22, 14,occitanie
2020/11/13, 65, 20, 27, 7,occitanie
2020/11/14, 42, 29, 22, 4,occitanie
2020/11/15, 46, 15, 24, 4,occitanie
2020/11/16, 26, 13, 23, 14,occitanie
2020/11/17, 27, 21, 24, 17,occitanie
2020/11/18, 50, 23, 26, 8,occitanie
2020/11/19, 65, 6, 25, 4,occitanie
2020/11/20, 12, 9, 24, 12,occitanie
2020/11/21, 32, 16, 22, 11,occitanie
2020/11/22, 56, 30, 15, 17,occitanie
2020/11/23, 80, 28, 22, 14,occitanie
2020/11/24, 88, 24, 30, 12,occitanie
2020/11/25, 53, 17, 25, 15,occitanie
2020/11/26, 42, 17, 20, 11,occitanie
2020/11/27, 45, 12, 20, 6,occitanie
2020/11/28, 37, 15, 14, 13,occitanie
2020/11/29, 56, 17, 13, 11,occitanie
2020/11/30, 61, 24, 19, 17,occitanie
2020/10/1, 41, 15, 28, 8,occitanie
2020/10/2, 12, 6, 27, 7,occitanie
2020/10/3, 24, 7, 25, 6,occitanie
2020/10/4, 9, 8, 23, 7,occitanie
2020/10/5, 24, 12, 19, 13,occitanie
2020/10/6, 13, 9, 24, 3,occitanie
2020/10/7, 12, 12, 23, 14,occitanie
2020/10/8, 25, 18, 18, 15,occitanie
2020/10/9, 37, 15, 18, 7,occitanie
2020/10/10, 47, 5, 26, 1,occitanie
2020/10/11, 10, 7, 26, 8,occitanie
2020/10/12, 10, 11, 26, 11,occitanie
2020/10/13, 14, 9, 22, 8,occitanie
2020/10/14, 10, 4, 23, 3,occitanie
2020/10/15, 12, 5, 16, 2,occitanie
2020/10/16, 7, 6, 23, 11,occitanie
2020/10/17, 22, 11, 24, 8,occitanie
2020/10/18, 34, 22, 32, 16,occitanie
2020/10/19, 49, 22, 32, 12,occitanie
2020/10/20, 40, 28, 35, 8,occitanie
2020/10/21, 36, 62, 34, 15,occitanie
2020/10/22, 62, 44, 29, 13,occitanie
2020/10/23, 57, 8, 26, 13,occitanie
2020/10/24, 18, 13, 22, 6,occitanie
2020/10/25, 18, 8, 24, 4,occitanie
2020/10/26, 20, 7, 25, 9,occitanie
2020/10/27, 14, 11, 22, 9,occitanie
2020/10/28, 26, 10, 23, 8,occitanie
2020/10/29, 16, 15, 21, 15,occitanie
2020/10/30, 32, 23, 24, 9,occitanie
2020/10/31, 57, 23, 22, 6,occitanie
2020/9/1, 12, 11, 37, 13,occitanie
2020/9/2, 27, 14, 43, 15,occitanie
2020/9/3, 32, 16, 45, 15,occitanie
2020/9/4, 36, 15, 22, 6,occitanie
2020/9/5, 26, 8, 32, 5,occitanie
2020/9/6, 33, 9, 35, 5,occitanie
2020/9/7, 17, 13, 41, 9,occitanie
2020/9/8, 31, 15, 37, 9,occitanie
2020/9/9, 37, 16, 21, 17,occitanie
2020/9/10, 39, 20, 43, 20,occitanie
2020/9/11, 54, 14, 41, 13,occitanie
2020/9/12, 40, 16, 55, 15,occitanie
2020/9/13, 44, 18, 50, 16,occitanie
2020/9/14, 49, 23, 49, 14,occitanie
2020/9/15, 62, 72, 36, 17,occitanie
2020/9/16, 74, 23, 45, 18,occitanie
2020/9/17, 56, 30, 41, 14,occitanie
2020/9/18, 62, 26, 38, 6,occitanie
2020/9/19, 59, 9, 34, 4,occitanie
2020/9/20, 23, 12, 28, 11,occitanie
2020/9/21, 32, 12, 25, 14,occitanie
2020/9/22, 20, 9, 29, 9,occitanie
2020/9/23, 27, 14, 26, 10,occitanie
2020/9/24, 29, 6, 29, 3,occitanie
2020/9/25, 12, 5, 26, 1,occitanie
2020/9/26, 13, 4, 21, 2,occitanie
2020/9/27, 6, 5, 22, 2,occitanie
2020/9/28, 35, 12, 27, 14,occitanie
2020/9/29, 22, 17, 31, 16,occitanie
2020/9/30, 23, 20, 23, 7,occitanie
2020/8/1, 53, 12, 29, 1,occitanie
2020/8/2, 32, 8, 27, 2,occitanie
2020/8/3, 10, 7, 34, 2,occitanie
2020/8/4, 8, 9, 43, 12,occitanie
2020/8/5, 24, 20, 53, 21,occitanie
2020/8/6, 38, 18, 53, 15,occitanie
2020/8/7, 43, 13, 36, 8,occitanie
2020/8/8, 32, 13, 42, 6,occitanie
2020/8/9, 47, 15, 33, 10,occitanie
2020/8/10, 40, 14, 32, 9,occitanie
2020/8/11, 33, 15, 39, 12,occitanie
2020/8/12, 35, 22, 34, 9,occitanie
2020/8/13, 42, 10, 38, 12,occitanie
2020/8/14, 35, 11, 48, 11,occitanie
2020/8/15, 24, 24, 35, 5,occitanie
2020/8/16, 46, 10, 32, 8,occitanie
2020/8/17, 31, 6, 31, 8,occitanie
2020/8/18, 22, 11, 20, 11,occitanie
2020/8/19, 26, 18, , 10,occitanie
2020/8/20, 37, 17, 35, 10,occitanie
2020/8/21, 34, , 22, ,occitanie
2020/8/24, 11, 13, 39, 12,occitanie
2020/8/25, 26, 14, 29, 11,occitanie
2020/8/26, 36, 12, 35, 11,occitanie
2020/8/27, 18, 12, 24, 9,occitanie
2020/8/28, 16, 7, 20, 2,occitanie
2020/8/29, 11, 7, 26, 3,occitanie
2020/8/30, 21, 6, 29, 6,occitanie
2020/8/31, 18, 7, 34, 12,occitanie
2020/7/1, 11, 3, 31, 10,occitanie
2020/7/2, 8, 3, 32, 2,occitanie
2020/7/3, 11, 8, 32, 4,occitanie
2020/7/4, 15, 6, 22, 4,occitanie
2020/7/5, 21, 8, 28, 1,occitanie
2020/7/6, 11, 12, 37, 8,occitanie
2020/7/7, 20, 19, 39, 13,occitanie
2020/7/8, 37, 20, 46, 13,occitanie
2020/7/9, 33, 24, 44, 12,occitanie
2020/7/10, 52, 14, 33, 5,occitanie
2020/7/11, 40, 14, , ,occitanie
2020/7/13, 45, 12, 44, 7,occitanie
2020/7/14, 30, 14, 37, 3,occitanie
2020/7/15, 32, 7, 24, 3,occitanie
2020/7/16, 18, 10, 26, 4,occitanie
2020/7/17, 13, 6, 38, 6,occitanie
2020/7/18, 17, 12, 50, 11,occitanie
2020/7/19, 33, 21, 34, 13,occitanie
2020/7/20, 48, 21, 31, 9,occitanie
2020/7/21, 46, 17, 30, 11,occitanie
2020/7/22, 37, 21, 42, 13,occitanie
2020/7/23, 46, 14, 42, 7,occitanie
2020/7/24, 47, 12, 43, 6,occitanie
2020/7/25, 28, 17, 33, 11,occitanie
2020/7/26, 49, 13, 37, 10,occitanie
2020/7/27, 26, 21, 33, 11,occitanie
2020/7/28, 41, 17, 38, 10,occitanie
2020/7/29, 38, 22, 42, 14,occitanie
2020/7/30, 47, 19, 39, 15,occitanie
2020/7/31, 44, 20, 53, 12,occitanie
2020/6/1, 27, 9, 39, 9,occitanie
2020/6/2, 20, 11, 37, 9,occitanie
2020/6/3, 16, 3, 18, 4,occitanie
2020/6/4, 35, 4, , 2,occitanie
2020/6/5, 18, 4, , 4,occitanie
2020/6/6, 18, 5, , 1,occitanie
2020/6/7, 10, 3, , 2,occitanie
2020/6/8, 17, 4, 32, 4,occitanie
2020/6/9, 9, 5, 33, 3,occitanie
2020/6/10, 24, 9, 36, 10,occitanie
2020/6/11, 8, 36, 34, 6,occitanie
2020/6/12, 43, 36, 31, 7,occitanie
2020/6/13, 56, 7, 34, 3,occitanie
2020/6/14, 28, 6, 32, 2,occitanie
2020/6/15, 14, 7, 31, 6,occitanie
2020/6/16, 19, 6, 32, 2,occitanie
2020/6/17, 17, 7, 31, 6,occitanie
2020/6/18, 10, 8, 34, 6,occitanie
2020/6/19, 17, 5, 31, 3,occitanie
2020/6/20, 17, 7, 30, 2,occitanie
2020/6/21, 20, 7, 29, 4,occitanie
2020/6/22, 14, 11, 51, 11,occitanie
2020/6/23, 19, 16, 32, 12,occitanie
2020/6/24, 37, 14, 35, 13,occitanie
2020/6/25, 36, 12, 41, 10,occitanie
2020/6/26, 32, 14, 34, 7,occitanie
2020/6/27, 38, 13, 35, 8,occitanie
2020/6/28, 43, 8, 27, 2,occitanie
2020/6/29, 21, 8, 36, 9,occitanie
2020/6/30, 17, 6, 28, 8,occitanie
2020/5/1, 13, 5, 30, ,occitanie
2020/5/2, 11, 4, 26, ,occitanie
2020/5/3, 16, 12, 36, 7,occitanie
2020/5/4, 22, 12, 30, 4,occitanie
2020/5/5, 25, 8, 38, 5,occitanie
2020/5/6, 28, 11, 44, 5,occitanie
2020/5/7, 22, 12, 50, 3,occitanie
2020/5/8, 24, 16, 47, 4,occitanie
2020/5/9, 23, 32, 44, 3,occitanie
2020/5/10, 37, 13, 36, 7,occitanie
2020/5/11, 16, 7, 28, 6,occitanie
2020/5/12, 16, 11, 29, 7,occitanie
2020/5/13, 18, 9, 30, 8,occitanie
2020/5/14, 18, 14, 30, 7,occitanie
2020/5/15, 31, 9, 31, 7,occitanie
2020/5/16, 24, 9, 46, 4,occitanie
2020/5/17, 31, 12, 48, 10,occitanie
2020/5/18, 34, 10, 49, 5,occitanie
2020/5/19, 30, 11, 42, 6,occitanie
2020/5/20, 26, 12, 47, 7,occitanie
2020/5/21, 37, 18, 44, 10,occitanie
2020/5/22, 46, 14, 34, 4,occitanie
2020/5/23, 46, 6, 33, 2,occitanie
2020/5/24, 19, 16, 45, 6,occitanie
2020/5/25, 24, 13, 39, 9,occitanie
2020/5/26, 22, 20, 43, 11,occitanie
2020/5/27, 34, 17, 37, 9,occitanie
2020/5/28, 29, 14, 45, 10,occitanie
2020/5/29, 29, 11, 45, 7,occitanie
2020/5/30, 33, 11, 41, 5,occitanie
2020/5/31, 29, 9, 40, 6,occitanie
2020/4/1, 34, 17, 46, 6,occitanie
2020/4/2, 47, 14, 44, 8,occitanie
2020/4/3, 50, 14, 41, 6,occitanie
2020/4/4, 49, 15, 58, 3,occitanie
2020/4/5, 59, 18, 54, 5,occitanie
2020/4/6, 57, 23, 62, 10,occitanie
2020/4/7, 68, 24, 59, 7,occitanie
2020/4/8, 71, 19, 54, 8,occitanie
2020/4/9, 57, 21, 47, 7,occitanie
2020/4/10, 57, 16, 57, 3,occitanie
2020/4/11, 54, 16, 50, 2,occitanie
2020/4/12, 56, 15, 40, 3,occitanie
2020/4/13, 42, 17, 43, 5,occitanie
2020/4/14, 63, 18, 43, 4,occitanie
2020/4/15, 34, 21, 46, 6,occitanie
2020/4/16, 37, 19, 40, 6,occitanie
2020/4/17, 31, 24, 40, 3,occitanie
2020/4/18, 41, 19, 31, 2,occitanie
2020/4/19, 41, 10, 27, 4,occitanie
2020/4/20, 35, 6, 27, 8,occitanie
2020/4/21, 17, 6, 32, 4,occitanie
2020/4/22, 19, 9, 26, 3,occitanie
2020/4/23, 30, 9, 36, 4,occitanie
2020/4/24, 34, 12, 45, 3,occitanie
2020/4/25, 37, 9, 33, 2,occitanie
2020/4/26, 33, 13, 34, 5,occitanie
2020/4/27, 26, 9, 39, 3,occitanie
2020/4/28, 16, 8, 39, 2,occitanie
2020/4/29, 11, 17, 36, 3,occitanie
2020/4/30, 25, 7, 27, 2,occitanie
2020/3/1, 23, 20, 36, 12,occitanie
2020/3/2, 25, 7, 27, 17,occitanie
2020/3/3, 20, 9, 29, 14,occitanie
2020/3/4, 28, 16, 35, 10,occitanie
2020/3/5, 26, 5, 37, 4,occitanie
2020/3/6, 24, 4, 35, 3,occitanie
2020/3/7, 29, 6, 35, 10,occitanie
2020/3/8, 21, 6, 34, 4,occitanie
2020/3/9, 6, 10, 34, 5,occitanie
2020/3/10, 15, 12, 29, 14,occitanie
2020/3/11, 31, 26, 34, 14,occitanie
2020/3/12, 52, 17, 30, 10,occitanie
2020/3/13, 47, 15, 35, 11,occitanie
2020/3/14, 27, 16, 40, 9,occitanie
2020/3/15, 42, 25, 38, 15,occitanie
2020/3/16, 39, 20, 40, 9,occitanie
2020/3/17, 50, 23, 42, 9,occitanie
2020/3/18, 61, 24, 48, 9,occitanie
2020/3/19, 70, 24, 53, 7,occitanie
2020/3/20, 70, 24, 43, 3,occitanie
2020/3/21, 68, 22, 36, 3,occitanie
2020/3/22, 61, 23, 39, 5,occitanie
2020/3/23, 65, 19, 36, 6,occitanie
2020/3/24, 24, 12, 41, 4,occitanie
2020/3/25, 43, 8, 41, 3,occitanie
2020/3/26, 24, 14, 36, 6,occitanie
2020/3/27, 41, 21, 40, 6,occitanie
2020/3/28, 69, 23, 42, 3,occitanie
2020/3/29, 59, 11, 32, 4,occitanie
2020/3/30, 36, 12, 38, 3,occitanie
2020/3/31, 42, 15, 41, 5,occitanie
2020/2/1, 42, 13, 24, 16,occitanie
2020/2/2, 37, 17, 28, 10,occitanie
2020/2/3, 25, 20, 35, 9,occitanie
2020/2/4, 30, 5, 33, 8,occitanie
2020/2/5, 13, 13, 30, 16,occitanie
2020/2/6, 17, 23, 32, 22,occitanie
2020/2/7, 36, 23, 25, 18,occitanie
2020/2/8, 46, 22, , 13,occitanie
2020/2/9, 54, 23, , 15,occitanie
2020/2/10, 44, 14, , 11,occitanie
2020/2/11, 34, 12, , 17,occitanie
2020/2/12, 14, 22, , 17,occitanie
2020/2/13, 43, 20, , 14,occitanie
2020/2/14, 49, 19, , 18,occitanie
2020/2/15, 38, 33, , 11,occitanie
2020/2/16, 65, 25, , 16,occitanie
2020/2/17, 47, 6, , 10,occitanie
2020/2/18, 17, 6, , 9,occitanie
2020/2/19, 8, 16, , 22,occitanie
2020/2/20, 31, 12, , 12,occitanie
2020/2/21, 34, 18, , 18,occitanie
2020/2/22, 49, 19, , 19,occitanie
2020/2/23, 58, 16, 28, 19,occitanie
2020/2/24, 37, 12, 35, 13,occitanie
2020/2/25, 15, 8, 37, 8,occitanie
2020/2/26, 10, 8, 30, 16,occitanie
2020/2/27, 13, 12, 30, 17,occitanie
2020/2/28, 22, 38, 34, 12,occitanie
2020/2/29, 37, 10, 36, 12,occitanie
2020/1/1, 94, 31, 9, 10,occitanie
2020/1/2, 92, 32, 21, 16,occitanie
2020/1/3, 88, 11, 27, 10,occitanie
2020/1/4, 32, 10, 30, 11,occitanie
2020/1/5, 20, 15, 23, 14,occitanie
2020/1/6, 35, 31, 21, 19,occitanie
2020/1/7, 70, 30, 14, 27,occitanie
2020/1/8, 64, 34, 22, 23,occitanie
2020/1/9, 81, 15, 27, 14,occitanie
2020/1/10, 45, 8, 26, 13,occitanie
2020/1/11, 24, 19, 23, 19,occitanie
2020/1/12, 60, 30, 17, 21,occitanie
2020/1/13, 67, 31, 29, 22,occitanie
2020/1/14, 68, 31, 36, 24,occitanie
2020/1/15, 49, 30, 28, 25,occitanie
2020/1/16, 61, 19, 36, 13,occitanie
2020/1/17, 37, 9, 30, 16,occitanie
2020/1/18, 15, 11, 32, 3,occitanie
2020/1/19, 38, 9, 27, 7,occitanie
2020/1/20, 24, 8, 22, 8,occitanie
2020/1/21, 28, 12, 20, 10,occitanie
2020/1/22, 44, 25, 32, 16,occitanie
2020/1/23, 64, 22, 25, 14,occitanie
2020/1/24, 47, 23, 31, 18,occitanie
2020/1/25, 66, 18, 31, 11,occitanie
2020/1/26, 38, 26, 8, 12,occitanie
2020/1/27, 65, 25, 33, 14,occitanie
2020/1/28, 65, 12, 33, 21,occitanie
2020/1/29, 24, 32, 17, 24,occitanie
2020/1/30, 56, 32, 23, 18,occitanie
2020/1/31, 72, 18, 24, 14,occitanie
2019/10/1, 21, 13, 26, 4,occitanie
2019/10/2, 22, 6, 33, 7,occitanie
2019/10/3, 12, 14, 26, 15,occitanie
2019/10/4, 23, 12, 26, 6,occitanie
2019/10/5, 22, 7, 27, 4,occitanie
2019/10/6, 10, 8, 30, 8,occitanie
2019/10/7, 10, 14, 28, 23,occitanie
2019/10/8, 25, 22, 24, 16,occitanie
2019/10/9, 37, 15, 28, 12,occitanie
2019/10/10, 32, 16, 25, 20,occitanie
2019/10/11, 29, 29, 31, 16,occitanie
2019/10/12, 40, 31, 32, 11,occitanie
2019/10/13, 42, 33, 29, 17,occitanie
2019/10/14, 50, 40, 29, 7,occitanie
2019/10/15, 47, 16, 27, 17,occitanie
2019/10/16, 29, 20, 32, 18,occitanie
2019/10/17, 33, 27, 32, 23,occitanie
2019/10/18, 36, 33, 38, 13,occitanie
2019/10/19, 51, 44, 38, 5,occitanie
2019/10/20, 57, 28, 18, 18,occitanie
2019/10/21, 43, 17, 17, 9,occitanie
2019/10/22, 31, 18, 26, 12,occitanie
2019/10/23, 32, 22, 27, 15,occitanie
2019/10/24, 45, 13, 25, 16,occitanie
2019/10/25, 30, 17, 31, 20,occitanie
2019/10/26, 39, 26, 34, 13,occitanie
2019/10/27, 63, 30, 20, 17,occitanie
2019/10/28, 69, 28, 22, 17,occitanie
2019/10/29, 66, 29, 15, 18,occitanie
2019/10/30, 69, 26, 23, 9,occitanie
2019/10/31, 66, 14, 23, 12,occitanie
2019/11/1, 38, 13, 20, 8,occitanie
2019/11/2, 30, 9, 29, 4,occitanie
2019/11/3, 14, 11, 23, 14,occitanie
2019/11/4, 27, 9, 25, 9,occitanie
2019/11/5, 18, 6, 24, 5,occitanie
2019/11/6, 13, 10, 17, 13,occitanie
2019/11/7, 19, 8, 25, 9,occitanie
2019/11/8, 15, 5, 24, 5,occitanie
2019/11/9, 14, 7, 26, 8,occitanie
2019/11/10, 21, 8, 25, 8,occitanie
2019/11/11, 25, 7, 28, 8,occitanie
2019/11/12, 14, 7, 26, 12,occitanie
2019/11/13, 12, 9, 20, 15,occitanie
2019/11/14, 14, 11, 19, 15,occitanie
2019/11/15, 32, 13, 19, 17,occitanie
2019/11/16, 37, 16, 20, 7,occitanie
2019/11/17, 55, 21, 24, 18,occitanie
2019/11/18, 62, 17, 21, 19,occitanie
2019/11/19, 49, 18, 17, 17,occitanie
2019/11/20, 44, 18, 22, 21,occitanie
2019/11/21, 48, 20, 28, 15,occitanie
2019/11/22, 31, 34, 29, 12,occitanie
2019/11/23, 26, 9, 31, 4,occitanie
2019/11/24, 13, 20, 16, 22,occitanie
2019/11/25, 38, 37, 17, 25,occitanie
2019/11/26, 72, 21, 27, 22,occitanie
2019/11/27, 45, 19, 28, 19,occitanie
2019/11/28, 38, 16, 28, 19,occitanie
2019/11/29, 35, 11, 19, 17,occitanie
2019/11/30, 21, 13, 18, 14,occitanie
2019/12/1, 29, 17, 21, 15,occitanie
2019/12/2, 46, 8, 20, 11,occitanie
2019/12/3, 23, 12, 14, 13,occitanie
2019/12/4, 36, 21, 12, 23,occitanie
2019/12/5, 51, 34, 13, 21,occitanie
2019/12/6, 79, 39, 13, 15,occitanie
2019/12/7, 90, 19, 26, 16,occitanie
2019/12/8, 56, 11, 33, 13,occitanie
2019/12/9, 27, 9, 28, 17,occitanie
2019/12/10, 13, 20, 19, 18,occitanie
2019/12/11, 59, 11, 31, 25,occitanie
2019/12/12, 21, 12, 34, 11,occitanie
2019/12/13, 33, 7, 33, 14,occitanie
2019/12/14, 27, 15, 22, 14,occitanie
2019/12/15, 35, 40, 31, 21,occitanie
2019/12/16, 50, 57, 32, 17,occitanie
2019/12/17, 67, 55, 25, 23,occitanie
2019/12/18, 59, 45, 30, 15,occitanie
2019/12/19, 47, 52, 32, 22,occitanie
2019/12/20, 42, 12, 30, 16,occitanie
2019/12/21, 29, 6, 35, 10,occitanie
2019/12/22, 18, 12, 34, 12,occitanie
2019/12/23, 27, 18, 25, 17,occitanie
2019/12/24, 54, 11, 28, 19,occitanie
2019/12/25, 15, 20, 25, 17,occitanie
2019/12/26, 57, 15, 32, 12,occitanie
2019/12/27, 44, 15, 26, 15,occitanie
2019/12/28, 48, 12, , 10,occitanie
2019/12/29, 34, , , ,occitanie
2019/7/1, 61, 22, 46, 14,occitanie
2019/7/2, 55, 18, 54, 13,occitanie
2019/7/3, 44, 21, 59, 14,occitanie
2019/7/4, 49, 26, 36, 13,occitanie
2019/7/5, 58, 24, 33, 8,occitanie
2019/7/6, 58, 27, 42, 6,occitanie
2019/7/7, 63, 17, 53, 12,occitanie
2019/7/8, 45, 21, 33, 10,occitanie
2019/7/9, 52, 15, 36, 10,occitanie
2019/7/10, 43, 11, 45, 12,occitanie
2019/7/11, 29, 12, 29, 11,occitanie
2019/7/12, 34, , 30, 14,occitanie
2019/7/18, 34, 14, 41, 10,occitanie
2019/7/19, 28, 23, 40, 12,occitanie
2019/7/20, 44, 24, 39, 9,occitanie
2019/7/21, 60, 20, 37, 11,occitanie
2019/7/22, 51, 24, 40, 10,occitanie
2019/7/23, 55, 20, 42, 14,occitanie
2019/7/24, 52, 22, 31, 12,occitanie
2019/7/25, 54, 20, 34, 8,occitanie
2019/7/26, 51, 13, 29, 7,occitanie
2019/7/27, 30, 7, 32, 1,occitanie
2019/7/28, 15, 10, 37, 9,occitanie
2019/7/29, 27, 13, 33, 4,occitanie
2019/7/30, 33, 11, 35, 7,occitanie
2019/7/31, 28, 14, 45, 10,occitanie
2019/8/1, 29, 18, 46, 13,occitanie
2019/8/2, 36, 13, 49, 8,occitanie
2019/8/3, 28, 17, 58, 10,occitanie
2019/8/4, 39, 26, 44, 14,occitanie
2019/8/5, 55, 25, 37, 10,occitanie
2019/8/6, 56, 21, 41, 11,occitanie
2019/8/7, 44, 14, 38, 11,occitanie
2019/8/8, 34, 28, 29, 12,occitanie
2019/8/9, 58, 28, 33, 5,occitanie
2019/8/10, 56, 15, 41, 7,occitanie
2019/8/11, 39, 13, 36, 5,occitanie
2019/8/12, 30, 9, 34, 3,occitanie
2019/8/13, 17, 10, 35, 7,occitanie
2019/8/14, 24, 10, 29, 2,occitanie
2019/8/15, 22, 9, 33, 7,occitanie
2019/8/16, 17, 17, 33, 8,occitanie
2019/8/17, 34, 20, 23, 5,occitanie
2019/8/18, 49, 22, 23, 6,occitanie
2019/8/19, 42, 11, 29, 5,occitanie
2019/8/20, 26, 6, 36, 8,occitanie
2019/8/21, 20, 8, 40, 9,occitanie
2019/8/22, 27, 14, 45, 11,occitanie
2019/8/23, 34, 15, 46, 8,occitanie
2019/8/24, 38, 21, 44, 10,occitanie
2019/8/25, 51, 27, 41, 10,occitanie
2019/8/26, 59, 25, 37, 12,occitanie
2019/8/27, 57, 24, 43, 15,occitanie
2019/8/28, 64, 23, 47, 15,occitanie
2019/8/29, 57, 21, 45, 17,occitanie
2019/8/30, 48, 21, 45, 10,occitanie
2019/8/31, 46, 17, 35, 5,occitanie
2019/9/1, 38, 11, 30, 7,occitanie
2019/9/2, 25, 12, 41, 12,occitanie
2019/9/3, 19, 17, 49, 18,occitanie
2019/9/4, 33, 16, 36, 4,occitanie
2019/9/5, 22, 13, 31, 5,occitanie
2019/9/6, 22, 9, 34, 2,occitanie
2019/9/7, 16, 8, 32, 2,occitanie
2019/9/8, 15, 13, 34, 13,occitanie
2019/9/9, 21, 13, 27, 9,occitanie
2019/9/10, 16, 9, 39, 11,occitanie
2019/9/11, 30, 14, 47, 15,occitanie
2019/9/12, 34, 19, 51, 21,occitanie
2019/9/13, 42, 19, 54, 16,occitanie
2019/9/14, 45, 21, 46, 14,occitanie
2019/9/15, 47, 23, 48, 19,occitanie
2019/9/16, 50, 24, 49, 22,occitanie
2019/9/17, 48, 25, 42, 19,occitanie
2019/9/18, 49, 17, 38, 16,occitanie
2019/9/19, 39, 21, 34, 16,occitanie
2019/9/20, 40, 32, 32, 12,occitanie
2019/9/21, 43, 23, 27, 8,occitanie
2019/9/22, 34, 13, 26, 7,occitanie
2019/9/23, 23, 12, 28, 13,occitanie
2019/9/24, 27, 13, 25, 5,occitanie
2019/9/25, 22, 10, 27, 7,occitanie
2019/9/26, 27, 15, 32, 14,occitanie
2019/9/27, 34, 13, 31, 9,occitanie
2019/9/28, 31, 13, 33, 11,occitanie
2019/9/29, 24, 15, 26, 6,occitanie
2019/9/30, 34, 15, 31, 18,occitanie
2019/4/1, 45, 21, 39, 16,occitanie
2019/4/2, 52, 18, 24, 18,occitanie
2019/4/3, 42, 11, 35, 7,occitanie
2019/4/4, 18, 10, 38, 18,occitanie
2019/4/5, 18, 20, 36, 13,occitanie
2019/4/6, 25, 18, 32, 9,occitanie
2019/4/7, 26, 11, 30, 16,occitanie
2019/4/8, 26, 15, 28, 16,occitanie
2019/4/9, 28, 13, 36, 11,occitanie
2019/4/10, 24, 10, 37, 6,occitanie
2019/4/11, 32, 13, 42, 9,occitanie
2019/4/12, 41, 9, 43, 10,occitanie
2019/4/13, 23, 4, 39, 7,occitanie
2019/4/14, 11, 4, 41, 20,occitanie
2019/4/15, 8, 10, 37, 16,occitanie
2019/4/16, 21, 10, 45, 17,occitanie
2019/4/17, 25, 13, 44, 12,occitanie
2019/4/18, 41, 13, 46, 20,occitanie
2019/4/19, 35, 16, 52, 11,occitanie
2019/4/20, 41, 14, 41, 8,occitanie
2019/4/21, 31, 17, 39, 9,occitanie
2019/4/22, 38, 25, 44, 16,occitanie
2019/4/23, 50, 27, 47, 8,occitanie
2019/4/24, 47, 25, 38, 9,occitanie
2019/4/25, 34, 22, 34, 4,occitanie
2019/4/26, 31, 11, 34, 3,occitanie
2019/4/27, 18, 12, 38, 1,occitanie
2019/4/28, 19, 10, 35, 8,occitanie
2019/4/29, 19, 8, 39, 7,occitanie
2019/4/30, 16, 8, 23, ,occitanie
2019/5/1, 28, 14, 37, 8,occitanie
2019/5/2, 34, 8, 34, 9,occitanie
2019/5/3, 19, 7, 34, 3,occitanie
2019/5/4, 14, 6, 35, 1,occitanie
2019/5/5, 14, 7, 38, 5,occitanie
2019/5/6, 18, 10, 38, 15,occitanie
2019/5/7, 25, 20, 38, 11,occitanie
2019/5/8, 34, 18, 32, 10,occitanie
2019/5/9, 24, 11, 33, 15,occitanie
2019/5/10, 22, 12, 32, 4,occitanie
2019/5/11, 22, 8, 42, 2,occitanie
2019/5/12, 16, 7, 40, 6,occitanie
2019/5/13, 16, 9, 40, 10,occitanie
2019/5/14, 19, 11, 43, 8,occitanie
2019/5/15, 23, 12, 44, 14,occitanie
2019/5/16, 25, 19, 40, 16,occitanie
2019/5/17, 33, 14, 37, 4,occitanie
2019/5/18, 22, 7, 34, 6,occitanie
2019/5/19, 14, 5, 33, 6,occitanie
2019/5/20, 17, 10, 34, 7,occitanie
2019/5/21, 24, 9, 36, 4,occitanie
2019/5/22, 26, , , ,occitanie
2019/5/29, 17, 8, 35, 4,occitanie
2019/5/30, 55, 9, 45, 14,occitanie
2019/5/31, 31, 16, 39, 10,occitanie
2019/6/1, 54, 17, 37, 6,occitanie
2019/6/2, 54, 15, 36, 13,occitanie
2019/6/3, 47, 17, 35, 10,occitanie
2019/6/4, 42, 15, 40, 17,occitanie
2019/6/5, 33, 11, 34, 11,occitanie
2019/6/6, 21, 12, 32, 12,occitanie
2019/6/7, 25, 13, 38, 7,occitanie
2019/6/8, 26, 14, 41, 4,occitanie
2019/6/9, 28, 19, 31, 4,occitanie
2019/6/10, 42, 8, 25, 5,occitanie
2019/6/11, 17, 6, 33, 6,occitanie
2019/6/12, 12, 9, 36, 10,occitanie
2019/6/13, 18, 13, 39, 12,occitanie
2019/6/14, 23, 25, 31, 5,occitanie
2019/6/15, 44, 11, 36, 4,occitanie
2019/6/16, 25, 11, 39, 12,occitanie
2019/6/17, 24, 15, 43, 13,occitanie
2019/6/18, 30, 18, 41, 14,occitanie
2019/6/19, 35, 19, 33, 11,occitanie
2019/6/20, 44, 11, 36, 9,occitanie
2019/6/21, 34, 10, 32, 5,occitanie
2019/6/22, 23, 10, 30, 7,occitanie
2019/6/23, 26, 16, 42, 11,occitanie
2019/6/24, 41, 18, 47, 17,occitanie
2019/6/25, 38, 23, 62, 17,occitanie
2019/6/26, 52, 21, 55, 15,occitanie
2019/6/27, 53, 27, 69, 19,occitanie
2019/6/28, 61, 31, 61, 12,occitanie
2019/6/29, 66, 27, 58, 9,occitanie
2019/6/30, 60, 24, 33, 15,occitanie
2019/1/7, 34, 16, 21, 17,occitanie
2019/1/8, 52, 12, 15, 13,occitanie
2019/1/9, 46, 9, 26, 15,occitanie
2019/1/10, 27, 11, 24, 9,occitanie
2019/1/11, 33, 12, 15, 9,occitanie
2019/1/12, 34, 10, 22, 10,occitanie
2019/1/13, 31, 9, 28, 10,occitanie
2019/1/14, 29, 12, 27, 13,occitanie
2019/1/15, 28, 13, 23, 16,occitanie
2019/1/16, 32, 12, 15, 11,occitanie
2019/1/17, 31, 11, 21, 11,occitanie
2019/1/18, 25, 14, 23, 17,occitanie
2019/1/19, 40, 22, 20, 21,occitanie
2019/1/20, 61, 21, 15, 13,occitanie
2019/1/21, 67, 16, 14, 15,occitanie
2019/1/22, 54, 14, 24, 17,occitanie
2019/1/23, 41, 14, 26, 24,occitanie
2019/1/24, 37, 11, 27, 7,occitanie
2019/1/25, 37, 9, 28, 11,occitanie
2019/1/26, 28, 7, 26, 10,occitanie
2019/1/27, 21, 7, 31, 11,occitanie
2019/1/28, 16, 9, 27, 16,occitanie
2019/1/29, 24, 12, 25, 24,occitanie
2019/1/30, 37, 11, 30, 11,occitanie
2019/1/31, 34, 16, 18, 18,occitanie
2019/2/1, 39, 13, 15, 17,occitanie
2019/2/2, 35, 7, 26, 8,occitanie
2019/2/3, 21, 8, 27, 4,occitanie
2019/2/4, 31, 17, 26, 21,occitanie
2019/2/5, 52, 21, 19, 17,occitanie
2019/2/6, 60, 28, 12, 26,occitanie
2019/2/7, 68, 24, 24, 18,occitanie
2019/2/8, 52, 28, 27, 23,occitanie
2019/2/9, 58, 38, 18, 20,occitanie
2019/2/10, 75, 26, 30, 11,occitanie
2019/2/11, 51, 14, 31, 6,occitanie
2019/2/12, 31, 16, 28, 16,occitanie
2019/2/13, 39, 27, 27, 26,occitanie
2019/2/14, 61, 26, 29, 19,occitanie
2019/2/15, 69, 28, 24, 27,occitanie
2019/2/16, 69, 34, 35, 20,occitanie
2019/2/17, 80, 28, 33, 12,occitanie
2019/2/18, 62, 26, 33, 24,occitanie
2019/2/19, 56, 25, 26, 22,occitanie
2019/2/20, 59, 28, 18, 28,occitanie
2019/2/21, 63, 32, 25, 23,occitanie
2019/2/22, 69, 27, 32, 26,occitanie
2019/2/23, 58, 33, 32, 10,occitanie
2019/2/24, 62, 35, 35, 15,occitanie
2019/2/25, 61, 35, 29, 16,occitanie
2019/2/26, 71, 36, 28, 26,occitanie
2019/2/27, 75, 37, 26, 17,occitanie
2019/2/28, 78, 27, 37, 10,occitanie
2019/3/1, 54, 20, 35, 6,occitanie
2019/3/2, 42, 15, 32, 3,occitanie
2019/3/3, 31, 21, 35, 14,occitanie
2019/3/4, 47, 20, 36, 5,occitanie
2019/3/5, 33, 24, 33, 8,occitanie
2019/3/6, 36, 36, 36, 10,occitanie
2019/3/7, 47, 17, 37, 6,occitanie
2019/3/8, 28, 19, 27, 18,occitanie
2019/3/9, 32, 11, 31, 8,occitanie
2019/3/10, 19, 9, 25, 5,occitanie
2019/3/11, 14, 12, 35, 4,occitanie
2019/3/12, 20, 15, 35, 22,occitanie
2019/3/13, 26, 12, 34, 6,occitanie
2019/3/14, 21, 9, 35, 3,occitanie
2019/3/15, 13, 8, 35, 2,occitanie
2019/3/16, 12, 14, 33, 15,occitanie
2019/3/17, 30, 10, 38, 5,occitanie
2019/3/18, 20, 7, 37, 2,occitanie
2019/3/19, 11, 8, 37, 7,occitanie
2019/3/20, 19, 15, 38, 17,occitanie
2019/3/21, 35, 21, 40, 17,occitanie
2019/3/22, 49, 22, 41, 26,occitanie
2019/3/23, 50, 20, 42, 19,occitanie
2019/3/24, 49, 20, 47, 9,occitanie
2019/3/25, 48, 17, 41, 19,occitanie
2019/3/26, 33, 16, 33, 25,occitanie
2019/3/27, 30, 20, 42, 21,occitanie
2019/3/28, 46, 24, 37, 17,occitanie
2019/3/29, 53, 23, 42, 23,occitanie
2019/3/30, 49, 20, 35, 18,occitanie
2019/3/31, 47, 21, 22, 26,occitanie
2018/10/1, 70, 20, 32, 10,occitanie
2018/10/2, 62, 15, 27, 13,occitanie
2018/10/3, 60, 14, 37, 22,occitanie
2018/10/4, 50, 20, 38, 22,occitanie
2018/10/5, 76, 20, 39, 17,occitanie
2018/10/6, 82, 24, 29, 4,occitanie
2018/10/7, 62, 9, 25, 9,occitanie
2018/10/8, 32, 23, 32, 14,occitanie
2018/10/9, 81, 26, 30, 15,occitanie
2018/10/10, 82, 22, 26, 17,occitanie
2018/10/11, 74, 28, 27, 21,occitanie
2018/10/12, 87, 27, 32, 12,occitanie
2018/10/13, 78, 25, 40, 10,occitanie
2018/10/14, 106, 34, 40, 13,occitanie
2018/10/15, 109, 31, 30, 15,occitanie
2018/10/16, 86, 25, 18, 17,occitanie
2018/10/17, 83, 25, 28, 19,occitanie
2018/10/18, 76, 26, 29, 26,occitanie
2018/10/19, 94, 31, 30, 17,occitanie
2018/10/20, 90, 28, 29, 17,occitanie
2018/10/21, 88, 24, 29, 22,occitanie
2018/10/22, 82, 23, 26, 24,occitanie
2018/10/23, 75, 20, 27, 14,occitanie
2018/10/24, 67, 37, 23, 25,occitanie
2018/10/25, 58, 23, 17, 16,occitanie
2018/10/26, 109, 18, 14, 9,occitanie
2018/10/27, 56, 9, 13, 8,occitanie
2018/10/28, 26, 6, 11, 5,occitanie
2018/10/29, 26, 6, 16, 14,occitanie
2018/10/30, 36, 14, 29, 16,occitanie
2018/10/31, 97, 29, 26, 13,occitanie
2018/11/1, 74, 19, 18, 12,occitanie
2018/11/2, 66, 18, 21, 11,occitanie
2018/11/3, 65, 18, 14, 11,occitanie
2018/11/4, 59, 20, 27, 19,occitanie
2018/11/5, 92, 27, 34, 16,occitanie
2018/11/6, 76, 21, 25, 14,occitanie
2018/11/7, 82, 25, 21, 16,occitanie
2018/11/8, 92, 27, 32, 16,occitanie
2018/11/9, 73, 18, 22, 16,occitanie
2018/11/10, 60, 24, 20, 14,occitanie
2018/11/11, 117, 33, 22, 15,occitanie
2018/11/12, 121, 39, 28, 20,occitanie
2018/11/13, 122, 35, 10, 11,occitanie
2018/11/14, 76, 26, 15, 18,occitanie
2018/11/15, 92, 34, 13, 19,occitanie
2018/11/16, 101, 31, 17, 15,occitanie
2018/11/17, 92, 16, 21, 8,occitanie
2018/11/18, 37, 15, 8, 8,occitanie
2018/11/19, 68, 6, 9, 9,occitanie
2018/11/20, 50, 5, 14, 9,occitanie
2018/11/21, 52, 9, 11, 12,occitanie
2018/11/22, 69, 12, 23, 19,occitanie
2018/11/23, 74, 14, 19, 16,occitanie
2018/11/24, 53, 19, 21, 8,occitanie
2018/11/25, 65, 11, 19, 12,occitanie
2018/11/26, 18, 15, 17, 16,occitanie
2018/11/27, 27, 16, 10, 11,occitanie
2018/11/28, 35, , , ,occitanie
2018/12/3, 53, 12, 11, 22,occitanie
2018/12/4, 14, , 7, 24,occitanie
2018/7/1, 83, 30, 36, 13,occitanie
2018/7/2, 97, 33, 28, 13,occitanie
2018/7/3, 106, 30, 33, 13,occitanie
2018/7/4, 67, 18, 38, 4,occitanie
2018/7/5, 58, 10, 39, 5,occitanie
2018/7/6, 52, 12, 44, 7,occitanie
2018/7/7, 39, 11, 48, 10,occitanie
2018/7/8, 51, 12, 49, 15,occitanie
2018/7/9, 57, 14, 58, 17,occitanie
2018/7/10, 63, 15, 45, 16,occitanie
2018/7/11, 58, 14, 45, 15,occitanie
2018/7/12, 60, 18, 52, 16,occitanie
2018/7/13, 64, 17, 44, 10,occitanie
2018/7/14, 63, 19, 46, 11,occitanie
2018/7/15, 61, 17, 35, 7,occitanie
2018/7/16, 65, 12, 38, 4,occitanie
2018/7/17, 40, 10, 39, 14,occitanie
2018/7/18, 51, 12, 45, 13,occitanie
2018/7/19, 58, 15, 31, 15,occitanie
2018/7/20, 68, 15, 31, 3,occitanie
2018/7/21, 51, 10, 35, 4,occitanie
2018/7/22, 31, 11, 50, 13,occitanie
2018/7/23, 47, 19, 42, 18,occitanie
2018/7/24, 102, 31, 46, 18,occitanie
2018/7/25, 95, 22, 55, 18,occitanie
2018/7/26, 77, 24, 33, 17,occitanie
2018/7/27, 77, 25, 31, 13,occitanie
2018/7/28, 71, 16, 36, 8,occitanie
2018/7/29, 51, 15, 29, 12,occitanie
2018/7/30, 65, 20, 44, 13,occitanie
2018/7/31, 77, 21, 50, 16,occitanie
2018/8/1, 75, 20, 39, 12,occitanie
2018/8/2, 62, 19, 79, 21,occitanie
2018/8/3, 77, 28, 69, 23,occitanie
2018/8/4, 92, 27, 61, 16,occitanie
2018/8/5, 82, 25, 56, 13,occitanie
2018/8/6, 74, 24, 155, 35,occitanie
2018/8/7, 77, 20, 147, 13,occitanie
2018/8/8, 70, 19, 47, 11,occitanie
2018/8/9, 72, 11, 39, 12,occitanie
2018/8/10, 37, 9, 48, 12,occitanie
2018/8/11, 34, 13, 47, 13,occitanie
2018/8/12, 57, 17, 52, 10,occitanie
2018/8/13, 57, 9, 28, 2,occitanie
2018/8/14, 27, 6, 39, 10,occitanie
2018/8/15, 23, 10, 52, 17,occitanie
2018/8/16, 56, 14, 36, 9,occitanie
2018/8/17, 53, 9, 42, 7,occitanie
2018/8/18, 33, 10, 51, 10,occitanie
2018/8/19, 46, 12, 48, 14,occitanie
2018/8/20, 53, 14, 54, 18,occitanie
2018/8/21, 59, 16, 62, 15,occitanie
2018/8/22, 67, 18, 52, 15,occitanie
2018/8/23, 70, 12, 32, 9,occitanie
2018/8/24, 43, 8, 32, 2,occitanie
2018/8/25, 35, 8, 36, 9,occitanie
2018/8/26, 28, 10, 46, 14,occitanie
2018/8/27, 49, 13, 48, 15,occitanie
2018/8/28, 62, 22, 41, 6,occitanie
2018/8/29, 77, 12, 40, 14,occitanie
2018/8/30, 53, 15, 39, 9,occitanie
2018/8/31, 54, 12, 42, 4,occitanie
2018/9/1, 39, 10, 48, 9,occitanie
2018/9/2, 37, 11, 44, 15,occitanie
2018/9/3, 55, 14, 49, 19,occitanie
2018/9/4, 49, 14, 48, 16,occitanie
2018/9/5, 36, 15, 36, 12,occitanie
2018/9/6, 40, 5, 41, 18,occitanie
2018/9/7, 25, 9, 40, 13,occitanie
2018/9/8, 54, 12, 41, 11,occitanie
2018/9/9, 62, 14, 42, 20,occitanie
2018/9/10, 67, 19, 48, 20,occitanie
2018/9/11, 76, 24, 36, 14,occitanie
2018/9/12, 70, 18, 40, 14,occitanie
2018/9/13, 70, 16, 38, 12,occitanie
2018/9/14, 61, 14, 38, 11,occitanie
2018/9/15, 51, 12, 37, 10,occitanie
2018/9/16, 58, 18, 36, 14,occitanie
2018/9/17, 60, 19, 36, 15,occitanie
2018/9/18, 71, 22, 36, 14,occitanie
2018/9/19, 77, 22, 50, 23,occitanie
2018/9/20, 88, 28, 43, 17,occitanie
2018/9/21, 91, 19, 35, 12,occitanie
2018/9/22, 48, 17, 27, 9,occitanie
2018/9/23, 48, 6, 31, 4,occitanie
2018/9/24, 41, 13, 36, 13,occitanie
2018/9/25, 53, 21, 39, 20,occitanie
2018/9/26, 86, 27, 40, 17,occitanie
2018/9/27, 85, 24, 41, 25,occitanie
2018/9/28, 91, 25, 48, 17,occitanie
2018/9/29, 78, 24, 46, 8,occitanie
2018/9/30, 73, 17, 37, 3,occitanie
2018/4/1, 28, 13, , 13,occitanie
2018/4/2, 65, 21, , 19,occitanie
2018/4/3, 93, 40, , 19,occitanie
2018/4/4, 139, 28, , 13,occitanie
2018/4/5, 67, 16, , 20,occitanie
2018/4/6, 68, 23, , 16,occitanie
2018/4/7, 68, 22, , 14,occitanie
2018/4/8, 91, 25, , 17,occitanie
2018/4/9, 71, 13, , 14,occitanie
2018/4/10, 56, 15, , 13,occitanie
2018/4/11, 68, 11, , 10,occitanie
2018/4/12, 26, 14, , 23,occitanie
2018/4/13, 61, 19, , 11,occitanie
2018/4/14, 60, 18, , 14,occitanie
2018/4/15, 69, 18, , 20,occitanie
2018/4/16, 70, 18, , 16,occitanie
2018/4/17, 58, 20, , 17,occitanie
2018/4/18, 69, 26, , 18,occitanie
2018/4/19, 69, 33, , 21,occitanie
2018/4/20, 69, 35, , 16,occitanie
2018/4/21, 94, 39, , 14,occitanie
2018/4/22, 126, 44, , 15,occitanie
2018/4/23, 136, 44, , 14,occitanie
2018/4/24, 114, 37, , 11,occitanie
2018/4/25, 123, 28, , 6,occitanie
2018/4/26, 68, 22, , 14,occitanie
2018/4/27, 89, 33, , 13,occitanie
2018/4/28, 101, 32, , 7,occitanie
2018/4/29, 94, 20, , 12,occitanie
2018/4/30, 66, 16, , 3,occitanie
2018/5/1, 43, 12, , 10,occitanie
2018/5/2, 54, 15, , 5,occitanie
2018/5/3, 63, 19, , 9,occitanie
2018/5/4, 61, 24, , 6,occitanie
2018/5/5, 49, 24, , 8,occitanie
2018/5/6, 96, 23, , 16,occitanie
2018/5/7, 103, 26, , 5,occitanie
2018/5/8, 84, 20, , 2,occitanie
2018/5/9, 62, 17, , 2,occitanie
2018/5/10, 61, 18, , 11,occitanie
2018/5/11, 90, 26, , 10,occitanie
2018/5/12, 104, 18, , 3,occitanie
2018/5/13, 37, 11, , 4,occitanie
2018/5/14, 36, 12, 29, 4,occitanie
2018/5/15, 41, 17, 31, 5,occitanie
2018/5/16, 60, 21, 44, 16,occitanie
2018/5/17, 64, 21, 42, 17,occitanie
2018/5/18, 74, 27, 44, 9,occitanie
2018/5/19, 83, 22, 45, 7,occitanie
2018/5/20, 62, 18, 49, 9,occitanie
2018/5/21, 62, 21, 39, 13,occitanie
2018/5/22, 79, 22, 37, 15,occitanie
2018/5/23, 83, 27, 37, 14,occitanie
2018/5/24, 97, 31, 42, 18,occitanie
2018/5/25, 92, 28, 47, 14,occitanie
2018/5/26, 85, 27, 43, 10,occitanie
2018/5/27, 85, 30, 27, 13,occitanie
2018/5/28, 105, 39, 31, 8,occitanie
2018/5/29, 112, 36, 27, 11,occitanie
2018/5/30, 93, 31, 31, 15,occitanie
2018/5/31, 93, 28, 33, 11,occitanie
2018/6/1, 76, 19, 34, 8,occitanie
2018/6/2, 65, 23, 32, 11,occitanie
2018/6/3, 77, 22, 35, 10,occitanie
2018/6/4, 73, 24, 32, 11,occitanie
2018/6/5, 83, 23, 28, 9,occitanie
2018/6/6, 65, 20, 26, 14,occitanie
2018/6/7, 80, 25, 30, 12,occitanie
2018/6/8, 79, 22, 35, 11,occitanie
2018/6/9, 87, 28, 34, 10,occitanie
2018/6/10, 88, 29, 27, 14,occitanie
2018/6/11, 86, 21, 29, 11,occitanie
2018/6/12, 67, 15, 38, 8,occitanie
2018/6/13, 52, 13, 35, 4,occitanie
2018/6/14, 54, 15, 34, 5,occitanie
2018/6/15, 57, 14, 28, 3,occitanie
2018/6/16, 59, 14, 32, 1,occitanie
2018/6/17, 67, 15, 28, 5,occitanie
2018/6/18, 61, 17, 41, 13,occitanie
2018/6/19, 76, 25, 45, 18,occitanie
2018/6/20, 97, 29, 40, 13,occitanie
2018/6/21, 71, 25, 41, 10,occitanie
2018/6/22, 68, 21, 39, 13,occitanie
2018/6/23, 66, 24, 36, 10,occitanie
2018/6/24, 72, 19, 41, 17,occitanie
2018/6/25, 85, 27, 49, 16,occitanie
2018/6/26, 101, 38, 43, 18,occitanie
2018/6/27, 113, 31, 47, 15,occitanie
2018/6/28, 96, 32, 39, 14,occitanie
2018/6/29, 96, 31, 46, 14,occitanie
2018/6/30, 86, 27, 57, 12,occitanie
2018/1/1, 40, 10, , 19,occitanie
2018/1/2, 48, 12, , 9,occitanie
2018/1/3, 57, 4, , 10,occitanie
2018/1/4, 26, 15, , 22,occitanie
2018/1/5, 58, 13, , 12,occitanie
2018/1/6, 106, 9, , 7,occitanie
2018/1/7, 59, 9, , 9,occitanie
2018/1/8, 105, , , ,occitanie
2018/1/10, 69, 7, , 8,occitanie
2018/1/11, 44, 13, , 7,occitanie
2018/1/12, 32, 22, , ,occitanie
2018/1/13, 78, 16, , ,occitanie
2018/1/14, 60, 16, , 29,occitanie
2018/1/15, 57, 8, , 14,occitanie
2018/1/16, 48, 5, , 7,occitanie
2018/1/17, 21, 6, , 15,occitanie
2018/1/18, 38, 6, , 12,occitanie
2018/1/19, 26, 6, , 16,occitanie
2018/1/20, 24, 3, , 4,occitanie
2018/1/21, 15, 2, , 5,occitanie
2018/1/22, 16, 4, , 10,occitanie
2018/1/23, 25, 15, , 22,occitanie
2018/1/24, 75, 12, , 18,occitanie
2018/1/25, 100, 6, , 7,occitanie
2018/1/26, 48, 6, , 6,occitanie
2018/1/27, 19, 19, , 14,occitanie
2018/1/28, 60, 19, , 21,occitanie
2018/1/29, 85, 18, , 18,occitanie
2018/1/30, 75, 20, , 19,occitanie
2018/1/31, 83, 15, , 17,occitanie
2018/2/1, 56, 7, , 10,occitanie
2018/2/2, 40, 6, , 7,occitanie
2018/2/3, 26, 18, , 15,occitanie
2018/2/4, 51, 12, , 11,occitanie
2018/2/5, 46, 9, , 8,occitanie
2018/2/6, 31, 11, , 5,occitanie
2018/2/7, 26, 16, , 13,occitanie
2018/2/8, 40, 22, , 16,occitanie
2018/2/9, 66, 6, , 4,occitanie
2018/2/10, 23, 11, , 13,occitanie
2018/2/11, 219, 6, , 9,occitanie
2018/2/12, 42, 12, , 21,occitanie
2018/2/13, 47, 14, , 21,occitanie
2018/2/14, 66, 28, , 22,occitanie
2018/2/15, 88, 45, , 21,occitanie
2018/2/16, 130, 27, , 10,occitanie
2018/2/17, 101, 13, , 8,occitanie
2018/2/18, 35, 18, , 16,occitanie
2018/2/19, 63, 22, , 12,occitanie
2018/2/20, 81, 19, , 9,occitanie
2018/2/21, 61, 29, , 13,occitanie
2018/2/22, 82, 37, , 18,occitanie
2018/2/23, 100, 43, , 14,occitanie
2018/2/24, 114, 45, , 9,occitanie
2018/2/25, 142, 23, , 10,occitanie
2018/2/26, 86, 21, , 8,occitanie
2018/2/27, 73, 28, , 8,occitanie
2018/2/28, 89, 20, , 8,occitanie
2018/3/1, 78, 18, , 13,occitanie
2018/3/2, 72, 15, , 14,occitanie
2018/3/3, 57, 19, , 11,occitanie
2018/3/4, 80, 16, , 16,occitanie
2018/3/5, 51, 9, , 11,occitanie
2018/3/6, 43, 8, , 9,occitanie
2018/3/7, 36, 14, , 21,occitanie
2018/3/8, 62, 22, , 20,occitanie
2018/3/9, 90, 25, , 10,occitanie
2018/3/10, 100, 34, , 8,occitanie
2018/3/11, 104, 20, , 8,occitanie
2018/3/12, 52, 10, , 10,occitanie
2018/3/13, 36, 13, , 16,occitanie
2018/3/14, 54, 14, , 11,occitanie
2018/3/15, 53, 11, , 14,occitanie
2018/3/16, 51, 8, , 8,occitanie
2018/3/17, 42, 5, , 5,occitanie
2018/3/18, 33, 8, , 12,occitanie
2018/3/19, 28, 13, , 6,occitanie
2018/3/20, 49, 8, , 7,occitanie
2018/3/21, 52, 4, , 9,occitanie
2018/3/22, 41, 7, , 10,occitanie
2018/3/23, 32, 8, , 19,occitanie
2018/3/24, 67, 17, , 10,occitanie
2018/3/25, 60, 9, , 4,occitanie
2018/3/26, 28, 7, , 9,occitanie
2018/3/27, 31, 4, , 7,occitanie
2018/3/28, 9, 5, , 11,occitanie
2018/3/29, 12, 11, , 18,occitanie
2018/3/30, 55, 10, , 7,occitanie
2018/3/31, 38, 7, , 4,occitanie
2017/10/1, 33, 10, , 17,occitanie
2017/10/2, 55, 13, , 14,occitanie
2017/10/3, 62, 8, , 15,occitanie
2017/10/4, 39, 13, , 18,occitanie
2017/10/5, 67, 4, , 6,occitanie
2017/10/6, 44, 4, , 12,occitanie
2017/10/7, 31, 6, , 13,occitanie
2017/10/8, 37, 8, , 17,occitanie
2017/10/9, 58, , , ,occitanie
2017/10/11, 71, 14, , 16,occitanie
2017/10/12, 69, 17, , 20,occitanie
2017/10/13, 82, 16, , 14,occitanie
2017/10/14, 67, 16, , 13,occitanie
2017/10/15, 75, 14, , 19,occitanie
2017/10/16, 77, 15, , 17,occitanie
2017/10/17, 74, 17, , 17,occitanie
2017/10/18, 90, 13, , 21,occitanie
2017/10/19, 91, 15, , 19,occitanie
2017/10/20, 76, 17, , 9,occitanie
2017/10/21, 109, 2, , 1,occitanie
2017/10/22, 23, 3, , 4,occitanie
2017/10/23, 35, 5, , 16,occitanie
2017/10/24, 47, 11, , 22,occitanie
2017/10/25, 60, 18, , 24,occitanie
2017/10/26, 83, 14, , 8,occitanie
2017/10/27, 64, 5, , 8,occitanie
2017/10/28, 28, 5, , 4,occitanie
2017/10/29, 30, 5, , 8,occitanie
2017/10/30, 36, 13, , 19,occitanie
2017/10/31, 53, 19, , 18,occitanie
2017/11/1, 74, 24, , 17,occitanie
2017/11/2, 90, 21, , 17,occitanie
2017/11/3, 79, 13, , 13,occitanie
2017/11/4, 89, 3, , 4,occitanie
2017/11/5, 38, 2, , 3,occitanie
2017/11/6, 16, 6, , 10,occitanie
2017/11/7, 25, 6, , 11,occitanie
2017/11/8, 40, 6, , 12,occitanie
2017/11/9, 31, 6, , 11,occitanie
2017/11/10, 39, 4, , 7,occitanie
2017/11/11, 18, 2, , 4,occitanie
2017/11/12, 10, 2, , 3,occitanie
2017/11/13, 16, 6, , 12,occitanie
2017/11/14, 36, 14, , 19,occitanie
2017/11/15, 69, 19, , 22,occitanie
2017/11/16, 66, 27, , 32,occitanie
2017/11/17, 116, 19, , 17,occitanie
2017/11/20, 79, 34, , 29,occitanie
2017/11/21, 125, 22, , 21,occitanie
2017/11/22, 115, 13, , 22,occitanie
2017/11/23, 83, 19, , 16,occitanie
2017/11/24, 75, 10, , 6,occitanie
2017/11/25, 58, 3, , 4,occitanie
2017/11/26, 26, 11, , 21,occitanie
2017/11/27, 46, 17, , 20,occitanie
2017/11/28, 83, 6, , 10,occitanie
2017/11/29, 44, 6, , 11,occitanie
2017/11/30, 53, 5, , 12,occitanie
2017/12/1, 40, 9, , 13,occitanie
2017/12/2, 39, 19, , 14,occitanie
2017/12/3, 70, 15, , 15,occitanie
2017/12/4, 56, 21, , 32,occitanie
2017/12/5, 78, 35, , 28,occitanie
2017/12/6, 114, 32, , 25,occitanie
2017/12/7, 107, 23, , 17,occitanie
2017/12/8, 105, 8, , 10,occitanie
2017/12/9, 38, 17, , 12,occitanie
2017/12/10, 54, 14, , 21,occitanie
2017/12/11, 70, 11, , 18,occitanie
2017/12/12, 55, 22, , 28,occitanie
2017/12/13, 77, 16, , 22,occitanie
2017/12/14, 86, 3, , 10,occitanie
2017/12/15, 31, 5, , 10,occitanie
2017/12/16, 29, 5, , 7,occitanie
2017/12/17, 26, 13, , 23,occitanie
2017/12/18, 55, 13, , 17,occitanie
2017/12/19, 65, 20, , 18,occitanie
2017/12/20, 81, 24, , 24,occitanie
2017/12/21, 76, 17, , 15,occitanie
2017/12/22, 88, 16, , 21,occitanie
2017/12/23, 62, 27, , 18,occitanie
2017/12/24, 79, 23, , 9,occitanie
2017/12/25, 86, 9, , 16,occitanie
2017/12/26, 54, 9, , 9,occitanie
2017/12/27, 48, 7, , 7,occitanie
2017/12/28, 34, 17, , 24,occitanie
2017/12/29, 68, 16, , 14,occitanie
2017/12/30, 85, , , ,occitanie
2017/7/1, 22, 8, , 1,occitanie
2017/7/2, 16, 11, , 1,occitanie
2017/7/3, 28, 15, , 13,occitanie
2017/7/4, 52, 18, , 13,occitanie
2017/7/5, 59, 15, , 16,occitanie
2017/7/6, 53, 16, , 18,occitanie
2017/7/7, 63, 19, , 15,occitanie
2017/7/8, 63, 14, , 6,occitanie
2017/7/9, 60, 15, , 8,occitanie
2017/7/10, 44, 13, , 10,occitanie
2017/7/11, 49, 13, , 5,occitanie
2017/7/12, 42, 10, , 3,occitanie
2017/7/13, 28, 10, , 1,occitanie
2017/7/14, 29, 12, , 3,occitanie
2017/7/15, 33, 10, , 5,occitanie
2017/7/16, 35, 16, , 13,occitanie
2017/7/17, 63, 14, , 14,occitanie
2017/7/18, 54, 18, , 13,occitanie
2017/7/19, 67, 13, , 9,occitanie
2017/7/20, 48, 16, , 12,occitanie
2017/7/21, 58, 19, , 10,occitanie
2017/7/22, 63, 14, , 4,occitanie
2017/7/23, 42, 9, , 1,occitanie
2017/7/24, 45, 10, , 1,occitanie
2017/7/25, 37, 10, , 1,occitanie
2017/7/26, 35, 7, , 3,occitanie
2017/7/27, 28, 5, , 4,occitanie
2017/7/28, 27, 7, , 10,occitanie
2017/7/29, 46, 7, , 10,occitanie
2017/7/30, 54, 10, , 11,occitanie
2017/7/31, 67, 11, , 12,occitanie
2017/8/1, 351, 16, , 11,occitanie
2017/8/2, 118, 16, , 11,occitanie
2017/8/3, 103, 15, , 10,occitanie
2017/8/4, 78, 6, , 7,occitanie
2017/8/5, 43, 5, , 6,occitanie
2017/8/6, 39, 5, , 11,occitanie
2017/8/7, 39, 5, , 4,occitanie
2017/8/8, 39, 2, , 3,occitanie
2017/8/9, 31, 1, , 1,occitanie
2017/8/10, 20, 1, , 1,occitanie
2017/8/11, 19, 2, , 3,occitanie
2017/8/12, 15, 4, , 7,occitanie
2017/8/13, 24, 7, , 10,occitanie
2017/8/14, 54, 8, , 7,occitanie
2017/8/15, 45, 9, , 14,occitanie
2017/8/16, 48, 12, , 15,occitanie
2017/8/17, 71, 12, , 14,occitanie
2017/8/18, 74, 3, , 2,occitanie
2017/8/19, 29, 3, , 6,occitanie
2017/8/20, 25, 5, , 9,occitanie
2017/8/21, 39, 9, , 15,occitanie
2017/8/22, 62, 12, , 12,occitanie
2017/8/23, 72, 12, , 14,occitanie
2017/8/24, 82, 8, , 15,occitanie
2017/8/25, 50, 10, , 12,occitanie
2017/8/26, 54, 12, , 9,occitanie
2017/8/27, 58, 14, , 12,occitanie
2017/8/28, 73, 15, , 11,occitanie
2017/8/29, 78, 15, , 10,occitanie
2017/8/30, 78, 3, , 7,occitanie
2017/8/31, 28, 3, , 7,occitanie
2017/9/1, 24, 2, , 1,occitanie
2017/9/2, 20, 4, , 5,occitanie
2017/9/3, 18, 6, , 15,occitanie
2017/9/4, 53, 7, , 16,occitanie
2017/9/5, 54, , , 8,occitanie
2017/9/6, 52, , , ,occitanie
2017/9/11, 41, 3, , 2,occitanie
2017/9/12, 47, 4, , 9,occitanie
2017/9/13, 39, 6, , 10,occitanie
2017/9/14, 68, 5, , 14,occitanie
2017/9/15, 54, 2, , 5,occitanie
2017/9/16, 29, 1, , 3,occitanie
2017/9/17, 23, 2, , 8,occitanie
2017/9/18, 28, 2, , 4,occitanie
2017/9/19, 28, 4, , 14,occitanie
2017/9/20, 24, 10, , 22,occitanie
2017/9/21, 58, 11, , 20,occitanie
2017/9/22, 67, 19, , 14,occitanie
2017/9/23, 65, 18, , 14,occitanie
2017/9/24, 66, 14, , 17,occitanie
2017/9/25, 69, 9, , 18,occitanie
2017/9/26, 57, 15, , 24,occitanie
2017/9/27, 66, 14, , 20,occitanie
2017/9/28, 65, 15, , 21,occitanie
2017/9/29, 69, 21, , 18,occitanie
2017/9/30, 72, 5, , 10,occitanie
2017/4/3, 57, 13, , 19,occitanie
2017/4/4, 59, 11, , 11,occitanie
2017/4/5, 41, 15, , 7,occitanie
2017/4/6, 54, 15, , 8,occitanie
2017/4/7, 63, 21, , 15,occitanie
2017/4/8, 72, 23, , 21,occitanie
2017/4/9, 74, 16, , 9,occitanie
2017/4/10, 62, 14, , 17,occitanie
2017/4/11, 53, 14, , 14,occitanie
2017/4/12, 62, 15, , 19,occitanie
2017/4/13, 63, 14, , 24,occitanie
2017/4/14, 70, 11, , 17,occitanie
2017/4/15, 52, 9, , 3,occitanie
2017/4/16, 39, 11, , 2,occitanie
2017/4/17, 37, 9, , 9,occitanie
2017/4/18, 60, 6, , 9,occitanie
2017/4/19, 55, 8, , 5,occitanie
2017/4/20, 49, 12, , 11,occitanie
2017/4/21, 55, 16, , 16,occitanie
2017/4/22, 61, 15, , 17,occitanie
2017/4/23, 57, 15, , 11,occitanie
2017/4/24, 70, 16, , 16,occitanie
2017/4/25, 72, 9, , 20,occitanie
2017/4/26, 37, 6, , 10,occitanie
2017/4/27, 25, 7, , 9,occitanie
2017/4/28, 31, 9, , 6,occitanie
2017/4/29, 32, 13, , 13,occitanie
2017/4/30, 67, 5, , 10,occitanie
2017/5/1, 26, 7, , 3,occitanie
2017/5/2, 36, 11, , 13,occitanie
2017/5/3, 38, 13, , 15,occitanie
2017/5/4, 63, 11, , 17,occitanie
2017/5/5, 49, 10, , 19,occitanie
2017/5/6, 51, 6, , 8,occitanie
2017/5/7, 28, 7, , 5,occitanie
2017/5/8, 18, 8, , 3,occitanie
2017/5/9, 27, 12, , 10,occitanie
2017/5/10, 60, 16, , 17,occitanie
2017/5/11, 106, 17, , 15,occitanie
2017/5/12, 97, 16, , 17,occitanie
2017/5/13, 66, 12, , 9,occitanie
2017/5/14, 47, 11, , 8,occitanie
2017/5/15, 39, 16, , 12,occitanie
2017/5/16, 57, 17, , 18,occitanie
2017/5/17, 53, 14, , 16,occitanie
2017/5/18, 62, 4, , 18,occitanie
2017/5/19, 29, 5, , 2,occitanie
2017/5/20, 21, 7, , 2,occitanie
2017/5/21, 24, 11, , 7,occitanie
2017/5/22, 57, 15, , 15,occitanie
2017/5/23, 59, 17, , 11,occitanie
2017/5/24, 47, 23, , 16,occitanie
2017/5/25, 57, 24, , 13,occitanie
2017/5/26, 73, 18, , 16,occitanie
2017/5/27, 62, 15, , 12,occitanie
2017/5/28, 52, 17, , 14,occitanie
2017/5/29, 61, 17, , 18,occitanie
2017/5/30, 63, 43, , 17,occitanie
2017/5/31, 102, , , 14,occitanie
2017/6/1, 170, 28, , 14,occitanie
2017/6/2, 71, 20, , 11,occitanie
2017/6/3, 66, 9, , 9,occitanie
2017/6/4, 28, 9, , 5,occitanie
2017/6/5, 27, 10, , 4,occitanie
2017/6/6, 47, 9, , 5,occitanie
2017/6/7, 43, 11, , 3,occitanie
2017/6/8, 44, 16, , 12,occitanie
2017/6/9, 72, 17, , 14,occitanie
2017/6/10, 58, 18, , 12,occitanie
2017/6/11, 56, 20, , 9,occitanie
2017/6/12, 61, 23, , 15,occitanie
2017/6/13, 74, 20, , 13,occitanie
2017/6/14, 66, 26, , 14,occitanie
2017/6/15, 83, 20, , 16,occitanie
2017/6/16, 63, 11, , 14,occitanie
2017/6/17, 41, 15, , 6,occitanie
2017/6/18, 50, 18, , 7,occitanie
2017/6/19, 60, 18, , 15,occitanie
2017/6/20, 62, 21, , 13,occitanie
2017/6/21, 66, 22, , 12,occitanie
2017/6/22, 77, 25, , 15,occitanie
2017/6/23, 72, 18, , 11,occitanie
2017/6/24, 54, 16, , 6,occitanie
2017/6/25, 43, 18, , 6,occitanie
2017/6/26, 71, 19, , 16,occitanie
2017/6/27, 55, 10, , 10,occitanie
2017/6/28, 38, 8, , 9,occitanie
2017/6/29, 27, 8, , 4,occitanie
2017/6/30, 33, 7, , 4,occitanie
2017/1/2, 107, 22, , 17,occitanie
2017/1/3, 82, 25, , 22,occitanie
2017/1/4, 70, 13, , 13,occitanie
2017/1/5, 61, 23, , 26,occitanie
2017/1/6, 75, 42, , 29,occitanie
2017/1/7, 108, 35, , 21,occitanie
2017/1/8, 110, 30, , 39,occitanie
2017/1/9, 93, 20, , 26,occitanie
2017/1/10, 70, 17, , 22,occitanie
2017/1/11, 68, 22, , 26,occitanie
2017/1/12, 71, 6, , 7,occitanie
2017/1/13, 41, 6, , 6,occitanie
2017/1/14, 35, 8, , 7,occitanie
2017/1/15, 25, 15, , 20,occitanie
2017/1/16, 61, 11, , 9,occitanie
2017/1/17, 42, 24, , 22,occitanie
2017/1/18, 68, 42, , 31,occitanie
2017/1/19, 108, 33, , 25,occitanie
2017/1/20, 112, 37, , 22,occitanie
2017/1/21, 84, 29, , 15,occitanie
2017/1/22, 88, 38, , 27,occitanie
2017/1/23, 85, 50, , 30,occitanie
2017/1/24, 141, 35, , 19,occitanie
2017/1/25, 106, 28, , 16,occitanie
2017/1/26, 79, 21, , 17,occitanie
2017/1/27, 109, 18, , 16,occitanie
2017/1/28, 80, 20, , 20,occitanie
2017/1/29, 53, 19, , 15,occitanie
2017/1/30, 78, 20, , 15,occitanie
2017/1/31, 77, 15, , 24,occitanie
2017/2/1, 80, 16, , 17,occitanie
2017/2/2, 108, 13, , 25,occitanie
2017/2/3, 50, 17, , 19,occitanie
2017/2/4, 66, 10, , 10,occitanie
2017/2/5, 40, 5, , 5,occitanie
2017/2/6, 23, 10, , 16,occitanie
2017/2/7, 48, 6, , 5,occitanie
2017/2/8, 35, 14, , 20,occitanie
2017/2/9, 59, 23, , 20,occitanie
2017/2/10, 95, 16, , 14,occitanie
2017/2/11, 80, 14, , 12,occitanie
2017/2/12, 75, 17, , 21,occitanie
2017/2/13, 96, 18, , 19,occitanie
2017/2/14, 101, 21, , 20,occitanie
2017/2/15, 88, 25, , 22,occitanie
2017/2/16, 117, 19, , 20,occitanie
2017/2/17, 76, 22, , 22,occitanie
2017/2/18, 81, 21, , 14,occitanie
2017/2/19, 86, 14, , 17,occitanie
2017/2/20, 70, 12, , 12,occitanie
2017/2/21, 44, 15, , 25,occitanie
2017/2/22, 59, 25, , 20,occitanie
2017/2/23, 97, 15, , 16,occitanie
2017/2/24, 72, 11, , ,occitanie
2017/2/25, 48, 19, , ,occitanie
2017/2/26, 73, 27, , 24,occitanie
2017/2/27, 123, 15, , 17,occitanie
2017/2/28, 78, 10, , 18,occitanie
2017/3/1, 53, 16, , 15,occitanie
2017/3/2, 78, 16, , 19,occitanie
2017/3/3, 84, 7, , 6,occitanie
2017/3/4, 56, 9, , 14,occitanie
2017/3/5, 41, 11, , 10,occitanie
2017/3/6, 74, 6, , 4,occitanie
2017/3/7, 57, 8, , 12,occitanie
2017/3/8, 39, 12, , 17,occitanie
2017/3/9, 52, 12, , 19,occitanie
2017/3/10, 53, 12, , 19,occitanie
2017/3/11, 57, 17, , 16,occitanie
2017/3/12, 83, 16, , 17,occitanie
2017/3/13, 63, 23, , 24,occitanie
2017/3/14, 85, 27, , 29,occitanie
2017/3/15, 94, 35, , 26,occitanie
2017/3/16, 112, 42, , 21,occitanie
2017/3/17, 129, 14, , 5,occitanie
2017/3/18, 63, 10, , 8,occitanie
2017/3/19, 32, 12, , 15,occitanie
2017/3/20, 65, 7, , 10,occitanie
2017/3/21, 49, 8, , 16,occitanie
2017/3/22, 39, 17, , 17,occitanie
2017/3/23, 108, 10, , 21,occitanie
2017/3/24, 81, 11, , 12,occitanie
2017/3/25, 57, 10, , 10,occitanie
2017/3/26, 49, 14, , 19,occitanie
2017/3/27, 74, 13, , 17,occitanie
2017/3/28, 65, 2, , 25,occitanie
2017/3/29, 62, , , 27,occitanie
2017/3/30, 76, , , 19,occitanie
2017/3/31, 90, , , 10,occitanie
2016/10/1, 84, 9, , 10,occitanie
2016/10/2, 43, 8, , 14,occitanie
2016/10/3, 43, 8, , 17,occitanie
2016/10/4, 39, 12, , 16,occitanie
2016/10/5, 68, 11, , 15,occitanie
2016/10/6, 62, 18, , 20,occitanie
2016/10/7, 83, 11, , 8,occitanie
2016/10/8, 48, 8, , 8,occitanie
2016/10/9, 35, 8, , 12,occitanie
2016/10/10, 48, 9, , 11,occitanie
2016/10/11, 43, 15, , 17,occitanie
2016/10/12, 61, 13, , 12,occitanie
2016/10/13, 48, 14, , 12,occitanie
2016/10/14, 42, 13, , 18,occitanie
2016/10/15, 48, 12, , 12,occitanie
2016/10/16, 72, 14, , 17,occitanie
2016/10/17, 72, 12, , 9,occitanie
2016/10/18, 51, 9, , 10,occitanie
2016/10/19, 38, 12, , 14,occitanie
2016/10/20, 47, 10, , 15,occitanie
2016/10/21, 39, 17, , 16,occitanie
2016/10/22, 61, 12, , 8,occitanie
2016/10/23, 76, 14, , 12,occitanie
2016/10/24, 109, 24, , 16,occitanie
2016/10/25, 149, 20, , 12,occitanie
2016/10/26, 111, 12, , 18,occitanie
2016/10/27, 67, 17, , 20,occitanie
2016/10/28, 56, 22, , 19,occitanie
2016/10/29, 74, 25, , 17,occitanie
2016/10/30, 73, 30, , 23,occitanie
2016/10/31, 93, 32, , 15,occitanie
2016/11/1, 94, 29, , 23,occitanie
2016/11/2, 84, 20, , 22,occitanie
2016/11/3, 82, 22, , 18,occitanie
2016/11/4, 78, 24, , 8,occitanie
2016/11/5, 82, 7, , 5,occitanie
2016/11/6, 21, 10, , 10,occitanie
2016/11/7, 42, 9, , 6,occitanie
2016/11/8, 34, 14, , 17,occitanie
2016/11/9, 46, 8, , 13,occitanie
2016/11/10, 34, 7, , 7,occitanie
2016/11/11, 24, 25, , 22,occitanie
2016/11/12, 63, 36, , 18,occitanie
2016/11/13, 94, 18, , 11,occitanie
2016/11/14, 74, 21, , 20,occitanie
2016/11/15, 61, 33, , 25,occitanie
2016/11/16, 109, 32, , 22,occitanie
2016/11/17, 106, 32, , 21,occitanie
2016/11/18, 109, 19, , 15,occitanie
2016/11/19, 53, 19, , 9,occitanie
2016/11/20, 89, 16, , 7,occitanie
2016/11/21, 145, 17, , 13,occitanie
2016/11/22, 152, 18, , 13,occitanie
2016/11/23, 82, 12, , 15,occitanie
2016/11/24, 68, 16, , 23,occitanie
2016/11/25, 59, 17, , 17,occitanie
2016/11/26, 67, 22, , 14,occitanie
2016/11/27, 60, 15, , 11,occitanie
2016/11/28, 66, 21, , 13,occitanie
2016/11/29, 67, 35, , 21,occitanie
2016/11/30, 124, 39, , 26,occitanie
2016/12/1, 130, 37, , 22,occitanie
2016/12/2, 118, 32, , 17,occitanie
2016/12/3, 98, 26, , 13,occitanie
2016/12/4, 97, 23, , 19,occitanie
2016/12/5, 75, 49, , 27,occitanie
2016/12/6, 124, 30, , 24,occitanie
2016/12/7, 109, 29, , 27,occitanie
2016/12/8, 110, 29, , 20,occitanie
2016/12/9, 79, 26, , 20,occitanie
2016/12/10, 12, 30, , 16,occitanie
2016/12/11, 10, 26, , 29,occitanie
2016/12/12, 43, 25, , 20,occitanie
2016/12/13, 95, 29, , 24,occitanie
2016/12/14, 109, 30, , 19,occitanie
2016/12/15, 88, 20, , 21,occitanie
2016/12/16, 77, 34, , 21,occitanie
2016/12/17, 97, 42, , 16,occitanie
2016/12/18, 104, 29, , 12,occitanie
2016/12/19, 82, 15, , 13,occitanie
2016/12/20, 51, 22, , 20,occitanie
2016/12/21, 64, 40, , 20,occitanie
2016/12/22, 116, 32, , 20,occitanie
2016/12/23, 109, 22, , 10,occitanie
2016/12/24, 88, 25, , 16,occitanie
2016/12/25, 66, 26, , 17,occitanie
2016/12/26, 99, 26, , 19,occitanie
2016/12/27, 85, 27, , 17,occitanie
2016/12/28, 81, 37, , 21,occitanie
2016/12/29, 106, 44, , 17,occitanie
2016/12/30, 128, 44, , 17,occitanie
2016/12/31, 112, 40, , 15,occitanie
2017/1/1, 107, 34, , 18,occitanie
2016/7/1, 63, 12, , 4,occitanie
2016/7/2, 52, 10, , 1,occitanie
2016/7/3, 27, 13, , 10,occitanie
2016/7/4, 47, 14, , 11,occitanie
2016/7/5, 61, 12, , 10,occitanie
2016/7/6, 73, 14, , 13,occitanie
2016/7/7, 79, 20, , 16,occitanie
2016/7/8, 108, 18, , 8,occitanie
2016/7/9, 65, 26, , 9,occitanie
2016/7/10, 84, 25, , 14,occitanie
2016/7/11, 107, 18, , 5,occitanie
2016/7/12, 68, 7, , 1,occitanie
2016/7/13, 38, 7, , 1,occitanie
2016/7/14, 33, 8, , 3,occitanie
2016/7/15, 26, 10, , 7,occitanie
2016/7/16, 35, 16, , 12,occitanie
2016/7/17, 59, 19, , 14,occitanie
2016/7/18, 82, 15, , 16,occitanie
2016/7/19, 68, 17, , 15,occitanie
2016/7/20, 62, 25, , 16,occitanie
2016/7/21, 81, 18, , 12,occitanie
2016/7/22, 80, 14, , 8,occitanie
2016/7/23, 56, 16, , 9,occitanie
2016/7/24, 47, 15, , 12,occitanie
2016/7/25, 50, 14, , 7,occitanie
2016/7/26, 45, 13, , 5,occitanie
2016/7/27, 51, 14, , 6,occitanie
2016/7/28, 55, 11, , 8,occitanie
2016/7/29, 39, 18, , 10,occitanie
2016/7/30, 76, 13, , 3,occitanie
2016/7/31, 46, 8, , 1,occitanie
2016/8/1, 20, 7, , 8,occitanie
2016/8/2, 39, , , 13,occitanie
2016/8/3, 52, 16, , 15,occitanie
2016/8/4, 76, 5, , 4,occitanie
2016/8/5, 30, 5, , 4,occitanie
2016/8/6, 29, 7, , 7,occitanie
2016/8/7, 35, 9, , 17,occitanie
2016/8/8, 56, 10, , 8,occitanie
2016/8/9, 51, 7, , 3,occitanie
2016/8/10, 43, 9, , 5,occitanie
2016/8/11, 49, 9, , 13,occitanie
2016/8/12, 54, 10, , 16,occitanie
2016/8/13, 58, 7, , 12,occitanie
2016/8/14, 40, 9, , 11,occitanie
2016/8/15, 53, 13, , 12,occitanie
2016/8/16, 65, 15, , 14,occitanie
2016/8/17, 66, 16, , 10,occitanie
2016/8/18, 66, 11, , 11,occitanie
2016/8/19, 53, 11, , 8,occitanie
2016/8/20, 60, 7, , 2,occitanie
2016/8/21, 32, 7, , 14,occitanie
2016/8/22, 46, 9, , 16,occitanie
2016/8/23, 55, 10, , 20,occitanie
2016/8/24, 55, 15, , 20,occitanie
2016/8/25, 70, 15, , 20,occitanie
2016/8/26, 68, 16, , 18,occitanie
2016/8/27, 71, 14, , 11,occitanie
2016/8/28, 62, 10, , 8,occitanie
2016/8/29, 62, 8, , 9,occitanie
2016/8/30, 45, 15, , 13,occitanie
2016/8/31, 74, 13, , 19,occitanie
2016/9/1, 68, 14, , 22,occitanie
2016/9/2, 73, 13, , 20,occitanie
2016/9/3, 63, 17, , 14,occitanie
2016/9/4, 69, 12, , 13,occitanie
2016/9/5, 62, 7, , 13,occitanie
2016/9/6, 47, 9, , 14,occitanie
2016/9/7, 64, 9, , 10,occitanie
2016/9/8, 64, 13, , 21,occitanie
2016/9/9, 65, 15, , 20,occitanie
2016/9/10, 73, 15, , 14,occitanie
2016/9/11, 68, 15, , 18,occitanie
2016/9/12, 86, 20, , 15,occitanie
2016/9/13, 86, 17, , 17,occitanie
2016/9/14, 121, 7, , 16,occitanie
2016/9/15, 32, 7, , 10,occitanie
2016/9/16, 52, 6, , 3,occitanie
2016/9/17, 25, 5, , 2,occitanie
2016/9/18, 22, 5, , 4,occitanie
2016/9/19, 20, 8, , 9,occitanie
2016/9/20, 36, 11, , 24,occitanie
2016/9/21, 67, 14, , 23,occitanie
2016/9/22, 79, 15, , 19,occitanie
2016/9/23, 76, 16, , 19,occitanie
2016/9/24, 64, 14, , 8,occitanie
2016/9/25, 58, 10, , 16,occitanie
2016/9/26, 60, 11, , 18,occitanie
2016/9/27, 65, 13, , 23,occitanie
2016/9/28, 73, 17, , 23,occitanie
2016/9/29, 81, 18, , 16,occitanie
2016/9/30, 81, 16, , 14,occitanie
2016/4/1, 34, 19, , 14,occitanie
2016/4/2, 50, 17, , 14,occitanie
2016/4/3, 86, 17, , 16,occitanie
2016/4/4, 78, 15, , 14,occitanie
2016/4/5, 75, 12, , 8,occitanie
2016/4/6, 30, 9, , 3,occitanie
2016/4/7, 23, 8, , 3,occitanie
2016/4/8, 18, 9, , 2,occitanie
2016/4/9, 21, 12, , 10,occitanie
2016/4/10, 35, 15, , 17,occitanie
2016/4/11, 85, 16, , 16,occitanie
2016/4/12, 66, 17, , 14,occitanie
2016/4/13, 57, 13, , 20,occitanie
2016/4/14, 49, 17, , 17,occitanie
2016/4/15, 61, 17, , 12,occitanie
2016/4/16, 73, 13, , 5,occitanie
2016/4/17, 72, 9, , 6,occitanie
2016/4/18, 25, 11, , 14,occitanie
2016/4/19, 33, 14, , 20,occitanie
2016/4/20, 53, 19, , 25,occitanie
2016/4/21, 78, 15, , 10,occitanie
2016/4/22, 46, 8, , 3,occitanie
2016/4/23, 20, 9, , 2,occitanie
2016/4/24, 21, 7, , 3,occitanie
2016/4/25, 25, , , 6,occitanie
2016/4/26, 28, 15, , 5,occitanie
2016/4/27, 43, 14, , 13,occitanie
2016/4/28, 40, 15, , 13,occitanie
2016/4/29, 49, 14, , 9,occitanie
2016/4/30, 51, 11, , 2,occitanie
2016/5/1, 20, 16, , 6,occitanie
2016/5/2, 43, 17, , 7,occitanie
2016/5/3, 78, 14, , 11,occitanie
2016/5/4, 30, 18, , 14,occitanie
2016/5/5, 51, 22, , 17,occitanie
2016/5/6, 68, 22, , 14,occitanie
2016/5/7, 59, 19, , 14,occitanie
2016/5/8, 75, 21, , 22,occitanie
2016/5/9, 65, 23, , 14,occitanie
2016/5/10, 128, 19, , 13,occitanie
2016/5/11, 67, 12, , 12,occitanie
2016/5/12, 35, 13, , 6,occitanie
2016/5/13, 41, 13, , 2,occitanie
2016/5/15, 21, 13, , 5,occitanie
2016/5/16, 32, 15, , 11,occitanie
2016/5/17, 51, 20, , 13,occitanie
2016/5/18, 72, 13, , 3,occitanie
2016/5/19, 37, 15, , 10,occitanie
2016/5/20, 53, 20, , 13,occitanie
2016/5/21, 64, 18, , 8,occitanie
2016/5/22, 70, 10, , 3,occitanie
2016/5/23, 16, 12, , 10,occitanie
2016/5/24, 30, 17, , 15,occitanie
2016/5/25, 62, 18, , 16,occitanie
2016/5/26, 67, 21, , 17,occitanie
2016/5/27, 74, 23, , 10,occitanie
2016/5/28, 90, 14, , 4,occitanie
2016/5/29, 55, 10, , 4,occitanie
2016/5/30, 27, 5, , 6,occitanie
2016/6/2, 19, 8, , 12,occitanie
2016/6/3, 45, 9, , 10,occitanie
2016/6/4, 53, 7, , 8,occitanie
2016/6/5, 38, 9, , 10,occitanie
2016/6/6, 55, 17, , 10,occitanie
2016/6/7, 63, 16, , 13,occitanie
2016/6/8, 58, 16, , 11,occitanie
2016/6/9, 53, 16, , 16,occitanie
2016/6/10, 59, 13, , 3,occitanie
2016/6/11, 41, 10, , 1,occitanie
2016/6/12, 29, 10, , 3,occitanie
2016/6/13, 38, 9, , 2,occitanie
2016/6/14, 35, 12, , 11,occitanie
2016/6/15, 34, 11, , 6,occitanie
2016/6/16, 47, 12, , 7,occitanie
2016/6/17, 35, 10, , 3,occitanie
2016/6/18, 32, 10, , 1,occitanie
2016/6/19, 16, 13, , 7,occitanie
2016/6/20, 24, 18, , 13,occitanie
2016/6/21, 58, 20, , 16,occitanie
2016/6/22, 74, 19, , 15,occitanie
2016/6/23, 54, 17, , 13,occitanie
2016/6/24, 55, 17, , 1,occitanie
2016/6/25, 56, 13, , 1,occitanie
2016/6/26, 36, 12, , 2,occitanie
2016/6/27, 36, 15, , 8,occitanie
2016/6/28, 52, 19, , 13,occitanie
2016/6/29, 75, 17, , 14,occitanie
2016/6/30, 72, 17, , 12,occitanie
2016/1/4, 74, 11, , 22,occitanie
2016/1/5, 66, 7, , 15,occitanie
2016/1/6, 31, 12, , 18,occitanie
2016/1/7, 41, 21, , 18,occitanie
2016/1/8, 66, 25, , 17,occitanie
2016/1/9, 84, 30, , 17,occitanie
2016/1/10, 94, 13, , 14,occitanie
2016/1/11, 64, 5, , 13,occitanie
2016/1/12, 28, 14, , 19,occitanie
2016/1/13, 45, 12, , 17,occitanie
2016/1/14, 66, 8, , 12,occitanie
2016/1/15, 43, 7, , 3,occitanie
2016/1/16, 22, 9, , 9,occitanie
2016/1/17, 26, 16, , 14,occitanie
2016/1/18, 51, 20, , 19,occitanie
2016/1/19, 58, 25, , 14,occitanie
2016/1/20, 87, 24, , 22,occitanie
2016/1/21, 82, 27, , 19,occitanie
2016/1/22, 91, 29, , 17,occitanie
2016/1/23, 83, 30, , 17,occitanie
2016/1/24, 95, 26, , 15,occitanie
2016/1/25, 94, 33, , 21,occitanie
2016/1/26, 101, 29, , 16,occitanie
2016/1/27, 98, 29, , 21,occitanie
2016/1/28, 96, 23, , 21,occitanie
2016/1/29, 87, 15, , 16,occitanie
2016/1/30, 59, 6, , 9,occitanie
2016/1/31, 20, 6, , 10,occitanie
2016/2/1, 14, 14, , 18,occitanie
2016/2/2, 59, 4, , 7,occitanie
2016/2/3, 25, 6, , 10,occitanie
2016/2/4, 33, 17, , 27,occitanie
2016/2/5, 57, 12, , 13,occitanie
2016/2/6, 78, 8, , 5,occitanie
2016/2/7, 61, 11, , 22,occitanie
2016/2/8, 53, 16, , 15,occitanie
2016/2/9, 76, 5, , 13,occitanie
2016/2/10, 24, 7, , 17,occitanie
2016/2/11, 33, 12, , 21,occitanie
2016/2/12, 36, 11, , 18,occitanie
2016/2/13, 45, 8, , 12,occitanie
2016/2/14, 30, 6, , 8,occitanie
2016/2/15, 37, 7, , 9,occitanie
2016/2/16, 53, 19, , 24,occitanie
2016/2/17, 59, 15, , 14,occitanie
2016/2/18, 69, 5, , 9,occitanie
2016/2/19, 21, 9, , 18,occitanie
2016/2/20, 42, 12, , 18,occitanie
2016/2/21, 37, 20, , 12,occitanie
2016/2/22, 81, 8, , 11,occitanie
2016/2/23, 55, 11, , 18,occitanie
2016/2/24, 33, 14, , 14,occitanie
2016/2/25, 67, 12, , 17,occitanie
2016/2/26, 52, 9, , 11,occitanie
2016/2/27, 29, 6, , 5,occitanie
2016/2/28, 15, 15, , 7,occitanie
2016/2/29, 41, 13, , 4,occitanie
2016/3/1, 50, 6, , 7,occitanie
2016/3/2, 25, 5, , 3,occitanie
2016/3/3, 23, 12, , 17,occitanie
2016/3/4, 47, 5, , 7,occitanie
2016/3/5, 23, 6, , 6,occitanie
2016/3/6, 25, 8, , 9,occitanie
2016/3/7, 21, 11, , 6,occitanie
2016/3/8, 30, 17, , 21,occitanie
2016/3/9, 47, 14, , 11,occitanie
2016/3/10, 38, 16, , 13,occitanie
2016/3/11, 38, 23, , 14,occitanie
2016/3/12, 56, 28, , 12,occitanie
2016/3/13, 66, 25, , 10,occitanie
2016/3/14, 72, , , ,occitanie
2016/3/18, 43, 28, , 19,occitanie
2016/3/19, 74, 24, , 13,occitanie
2016/3/20, 67, 28, , 22,occitanie
2016/3/21, 73, 23, , 15,occitanie
2016/3/22, 69, 12, , 7,occitanie
2016/3/23, 52, 12, , 7,occitanie
2016/3/24, 40, 16, , 10,occitanie
2016/3/25, 64, 12, , 14,occitanie
2016/3/26, 22, 13, , 9,occitanie
2016/3/27, 40, 16, , 14,occitanie
2016/3/28, 50, 19, , 18,occitanie
2016/3/29, 63, 21, , 18,occitanie
2016/3/30, 81, 20, , 14,occitanie
2016/3/31, 80, 8, , 8,occitanie
2015/10/1, 87, 18, 14, 17,occitanie
2015/10/2, 75, 12, , 12,occitanie
2015/10/3, 81, 13, , 15,occitanie
2015/10/4, 48, 19, , 18,occitanie
2015/10/5, 77, 22, , 15,occitanie
2015/10/6, 113, 9, , 6,occitanie
2015/10/7, 42, 9, , 8,occitanie
2015/10/8, 33, 13, , 17,occitanie
2015/10/9, 57, 16, , 16,occitanie
2015/10/10, 61, 16, , 17,occitanie
2015/10/11, 64, 16, , 10,occitanie
2015/10/12, 70, 14, , 12,occitanie
2015/10/13, 52, 16, , 8,occitanie
2015/10/14, 52, 10, , 6,occitanie
2015/10/15, 56, 12, , 20,occitanie
2015/10/16, 49, 18, , 17,occitanie
2015/10/17, 63, 21, , 9,occitanie
2015/10/18, 82, 17, , 13,occitanie
2015/10/19, 56, 15, , 13,occitanie
2015/10/20, 85, 16, , 16,occitanie
2015/10/21, 70, 14, , 13,occitanie
2015/10/22, 68, 12, , 16,occitanie
2015/10/23, 58, 19, , 16,occitanie
2015/10/24, 71, 25, , 14,occitanie
2015/10/25, 86, 24, , 19,occitanie
2015/10/26, 100, 18, , 20,occitanie
2015/10/27, 108, 13, , 11,occitanie
2015/10/28, 109, 15, , 19,occitanie
2015/10/29, 73, 18, , 21,occitanie
2015/10/30, 93, 22, , 20,occitanie
2015/10/31, 97, 24, , 20,occitanie
2015/11/1, 101, 22, , 19,occitanie
2015/11/2, 120, 17, , 15,occitanie
2015/11/3, 147, 14, , 11,occitanie
2015/11/4, 108, 19, , 20,occitanie
2015/11/5, 79, 29, , 20,occitanie
2015/11/6, 120, 29, , 17,occitanie
2015/11/7, 114, 29, , 9,occitanie
2015/11/8, 113, 34, , 20,occitanie
2015/11/9, 98, 27, , 21,occitanie
2015/11/10, 107, 27, , 18,occitanie
2015/11/11, 89, 31, , 19,occitanie
2015/11/12, 108, 24, , 16,occitanie
2015/11/13, 102, 15, , 15,occitanie
2015/11/14, 45, 24, , 20,occitanie
2015/11/15, 96, 27, , 22,occitanie
2015/11/16, 131, 21, , 21,occitanie
2015/11/17, 112, 13, , 16,occitanie
2015/11/18, 61, 10, , 12,occitanie
2015/11/19, 57, 19, , 14,occitanie
2015/11/20, 85, 5, , 3,occitanie
2015/11/21, 53, 4, , 5,occitanie
2015/11/22, 26, 7, , 13,occitanie
2015/11/23, 40, 13, , 20,occitanie
2015/11/24, 69, 10, , 15,occitanie
2015/11/25, 46, 6, , 5,occitanie
2015/11/26, 27, 15, , 24,occitanie
2015/11/27, 59, 18, , 16,occitanie
2015/11/28, 76, 9, , 13,occitanie
2015/11/29, 47, 18, , 23,occitanie
2015/11/30, 81, 27, , 29,occitanie
2015/12/1, 101, 27, , 25,occitanie
2015/12/2, 115, 27, , 18,occitanie
2015/12/3, 111, 36, , 27,occitanie
2015/12/4, 124, 35, , 17,occitanie
2015/12/5, 129, 27, , 16,occitanie
2015/12/6, 116, 21, , 20,occitanie
2015/12/7, 92, 20, , 20,occitanie
2015/12/8, 84, 17, , 17,occitanie
2015/12/9, 49, 25, , 29,occitanie
2015/12/10, 100, 29, , 22,occitanie
2015/12/11, 112, 31, , 24,occitanie
2015/12/12, 116, 21, , 10,occitanie
2015/12/13, 83, 20, , 20,occitanie
2015/12/14, 98, 21, , 17,occitanie
2015/12/15, 86, 33, , 23,occitanie
2015/12/16, 119, 28, , 14,occitanie
2015/12/17, 128, 34, , 23,occitanie
2015/12/18, 128, 28, , 12,occitanie
2015/12/19, 118, 23, , 14,occitanie
2015/12/20, 125, 24, , 14,occitanie
2015/12/21, 124, 30, , 19,occitanie
2015/12/22, 130, 24, , 20,occitanie
2015/12/23, 116, 24, , 20,occitanie
2015/12/24, 116, 18, , 12,occitanie
2015/12/25, 93, 22, , 17,occitanie
2015/12/26, 90, 25, , 11,occitanie
2015/12/27, 94, 15, , 19,occitanie
2015/12/28, 77, 19, , 12,occitanie
2015/12/29, 74, 21, , 18,occitanie
2015/12/30, 83, , , ,occitanie
2016/1/1, 68, 9, , 10,occitanie
2016/1/2, 49, 14, , 16,occitanie
2016/1/3, 37, 15, , 23,occitanie
2015/7/1, 74, 19, , 16,occitanie
2015/7/2, 62, 23, , 21,occitanie
2015/7/3, 64, 17, , 16,occitanie
2015/7/4, 62, 20, , 10,occitanie
2015/7/5, 65, 28, , 7,occitanie
2015/7/6, 68, 28, , 16,occitanie
2015/7/7, 83, 20, , 4,occitanie
2015/7/8, 52, 12, , 8,occitanie
2015/7/9, 41, 20, , 14,occitanie
2015/7/10, 54, 16, , 9,occitanie
2015/7/11, 66, 14, , 4,occitanie
2015/7/12, 58, 11, , 10,occitanie
2015/7/13, 46, 13, , 3,occitanie
2015/7/14, 50, 20, , 13,occitanie
2015/7/15, 58, 24, , 16,occitanie
2015/7/16, 77, 18, , 15,occitanie
2015/7/17, 65, 20, , 13,occitanie
2015/7/18, 67, 17, , 7,occitanie
2015/7/19, 65, 17, , 12,occitanie
2015/7/20, 62, 20, , 15,occitanie
2015/7/21, 57, 23, , 11,occitanie
2015/7/22, 60, 13, , 14,occitanie
2015/7/23, 45, 19, , 14,occitanie
2015/7/24, 61, 13, , 1,occitanie
2015/7/25, 39, 9, , 7,occitanie
2015/7/26, 39, 13, , 6,occitanie
2015/7/27, 44, 11, , 6,occitanie
2015/7/28, 41, 12, , 8,occitanie
2015/7/29, 45, 8, , 13,occitanie
2015/7/30, 40, 18, , 18,occitanie
2015/7/31, 54, 9, , 4,occitanie
2015/8/1, 44, 8, , 8,occitanie
2015/8/2, 46, 16, , 17,occitanie
2015/8/3, 63, 20, , 13,occitanie
2015/8/4, 70, 21, , 17,occitanie
2015/8/5, 63, 22, , 16,occitanie
2015/8/6, 67, 20, , 16,occitanie
2015/8/7, 73, 20, , 7,occitanie
2015/8/8, 68, 6, , 2,occitanie
2015/8/9, 32, 7, , 6,occitanie
2015/8/10, 48, 15, , 14,occitanie
2015/8/11, 58, 20, , 18,occitanie
2015/8/12, 64, 21, , 11,occitanie
2015/8/13, 57, 7, , 6,occitanie
2015/8/14, 36, 4, , 1,occitanie
2015/8/15, 30, 4, , 5,occitanie
2015/8/16, 38, 12, , 11,occitanie
2015/8/17, 48, 13, , 14,occitanie
2015/8/18, 50, 10, , 10,occitanie
2015/8/19, 47, 13, , 16,occitanie
2015/8/20, 53, 32, , 20,occitanie
2015/8/21, 61, 19, , 20,occitanie
2015/8/22, 68, 16, , 9,occitanie
2015/8/23, 55, 12, , 7,occitanie
2015/8/24, 47, 19, , 16,occitanie
2015/8/25, 52, 26, , 17,occitanie
2015/8/26, 63, 19, , 15,occitanie
2015/8/27, 61, 19, , 12,occitanie
2015/8/28, 60, 13, , 15,occitanie
2015/8/29, 62, 15, , 10,occitanie
2015/8/30, 62, 22, , 20,occitanie
2015/8/31, 68, 10, , 6,occitanie
2015/9/1, 37, 9, , 13,occitanie
2015/9/2, 42, 14, , 13,occitanie
2015/9/3, 49, 11, , 11,occitanie
2015/9/4, 47, , , ,occitanie
2015/9/6, 34, 8, , 16,occitanie
2015/9/7, 45, 14, , 21,occitanie
2015/9/8, 54, 21, , 16,occitanie
2015/9/9, 55, 19, , 17,occitanie
2015/9/10, 57, 19, , 17,occitanie
2015/9/11, 65, 22, , 13,occitanie
2015/9/12, 68, , , ,occitanie
2015/9/14, 47, 13, , 14,occitanie
2015/9/15, 57, 31, , 12,occitanie
2015/9/16, 78, 45, , 7,occitanie
2015/9/17, 56, 10, , 7,occitanie
2015/9/18, 33, 9, , 4,occitanie
2015/9/19, 30, 9, , 5,occitanie
2015/9/20, 19, 12, , 13,occitanie
2015/9/21, 45, 14, , 7,occitanie
2015/9/22, 39, 6, , 4,occitanie
2015/9/23, 40, 7, , 7,occitanie
2015/9/24, 31, 10, , 12,occitanie
2015/9/25, 53, 10, 34, 12,occitanie
2015/9/26, 38, 15, 34, 16,occitanie
2015/9/27, 54, 17, 34, 15,occitanie
2015/9/28, 63, 13, 26, 13,occitanie
2015/9/29, 66, 15, 30, 17,occitanie
2015/9/30, 67, 17, 33, 21,occitanie
2015/4/1, 7, 15, , 10,occitanie
2015/4/2, 7, 7, , 7,occitanie
2015/4/3, 15, 7, , 4,occitanie
2015/4/4, 20, 6, , 4,occitanie
2015/4/5, 22, 8, , 10,occitanie
2015/4/6, 28, 15, , 13,occitanie
2015/4/7, 38, 25, , 20,occitanie
2015/4/8, 65, 20, , 24,occitanie
2015/4/9, 48, 22, , 23,occitanie
2015/4/10, 51, 16, , 16,occitanie
2015/4/11, 49, 17, , 17,occitanie
2015/4/12, 57, 24, , 23,occitanie
2015/4/13, 63, 24, , 25,occitanie
2015/4/14, 58, 26, , 20,occitanie
2015/4/16, 74, 25, , 15,occitanie
2015/4/17, 61, 14, , 16,occitanie
2015/4/18, 43, 19, , 18,occitanie
2015/4/19, 44, 10, , 13,occitanie
2015/4/20, 40, 17, , 21,occitanie
2015/4/21, 50, 25, , 22,occitanie
2015/4/22, 68, 14, , 12,occitanie
2015/4/23, 51, 14, , 17,occitanie
2015/4/24, 48, 27, , 16,occitanie
2015/4/25, 54, 27, , 10,occitanie
2015/4/26, 43, 17, , 11,occitanie
2015/4/27, 32, 8, , 5,occitanie
2015/4/28, 25, 10, , 11,occitanie
2015/4/29, 29, 16, , 17,occitanie
2015/4/30, 44, 32, , 9,occitanie
2015/5/1, 62, 11, , 9,occitanie
2015/5/2, 45, 23, , 10,occitanie
2015/5/3, 55, 27, , 19,occitanie
2015/5/4, 64, 42, , 19,occitanie
2015/5/5, 63, , , 10,occitanie
2015/5/6, 43, , , 19,occitanie
2015/5/7, 41, , , 11,occitanie
2015/5/8, 43, , , 1,occitanie
2015/5/9, 23, , , 14,occitanie
2015/5/10, 32, 29, , 16,occitanie
2015/5/11, 43, 21, , 15,occitanie
2015/5/12, 53, 18, , 16,occitanie
2015/5/13, 61, 24, , 7,occitanie
2015/5/14, 59, 13, , 2,occitanie
2015/5/15, 16, 7, , 3,occitanie
2015/5/16, 24, 9, , 6,occitanie
2015/5/17, 23, 16, , 13,occitanie
2015/5/18, 42, 19, , 8,occitanie
2015/5/19, 28, 9, , 1,occitanie
2015/5/20, 14, 9, , 2,occitanie
2015/5/21, 15, 10, , 4,occitanie
2015/5/22, 23, 12, , 3,occitanie
2015/5/23, 31, 15, , 7,occitanie
2015/5/24, 44, 14, , 5,occitanie
2015/5/25, 38, 11, , 3,occitanie
2015/5/26, 26, 10, , 7,occitanie
2015/5/27, 25, 14, , 12,occitanie
2015/5/28, 39, 30, , 15,occitanie
2015/5/29, 64, , , ,occitanie
2015/6/2, 60, 25, , 16,occitanie
2015/6/3, 65, 23, , 13,occitanie
2015/6/4, 67, 25, , 15,occitanie
2015/6/5, 68, , , ,occitanie
2015/6/8, 47, 18, , 10,occitanie
2015/6/9, 59, 24, , 14,occitanie
2015/6/10, 67, 21, , 15,occitanie
2015/6/11, 65, 28, , 14,occitanie
2015/6/12, 52, 8, , 6,occitanie
2015/6/13, 22, 19, , 6,occitanie
2015/6/14, 48, 8, , 6,occitanie
2015/6/15, 21, 26, , 6,occitanie
2015/6/16, 36, 11, , 8,occitanie
2015/6/17, 48, 10, , 7,occitanie
2015/6/18, 40, 10, , 4,occitanie
2015/6/19, 36, 8, , 4,occitanie
2015/6/20, 38, 9, , 7,occitanie
2015/6/21, 37, 20, , 15,occitanie
2015/6/22, 52, 16, , 11,occitanie
2015/6/23, 51, 14, , 5,occitanie
2015/6/24, 29, 22, , 16,occitanie
2015/6/26, 57, , , 9,occitanie
2015/6/28, 47, 17, , 14,occitanie
2015/6/29, 54, 22, , 17,occitanie
2015/6/30, 62, 22, , 16,occitanie
2015/1/1, 74, 43, , 27,occitanie
2015/1/2, 90, 24, , 20,occitanie
2015/1/3, 51, 5, , 8,occitanie
2015/1/4, 18, 13, , 20,occitanie
2015/1/5, 51, 40, , 32,occitanie
2015/1/6, 83, 49, , 32,occitanie
2015/1/7, 99, 47, , 29,occitanie
2015/1/8, 81, 11, , 14,occitanie
2015/1/9, 17, 6, , 12,occitanie
2015/1/10, 8, , , 12,occitanie
2015/1/12, 11, 37, , 15,occitanie
2015/1/13, 34, 26, , 19,occitanie
2015/1/14, 43, 33, , 20,occitanie
2015/1/15, 63, 44, , 17,occitanie
2015/1/16, 60, 6, , 12,occitanie
2015/1/17, 15, 15, , 11,occitanie
2015/1/18, 48, 12, , 15,occitanie
2015/1/19, 36, 12, , 11,occitanie
2015/1/20, 35, 11, , 12,occitanie
2015/1/21, 34, 19, , 17,occitanie
2015/1/22, 57, 27, , 19,occitanie
2015/1/23, 61, 28, , 13,occitanie
2015/1/24, 60, 8, , 4,occitanie
2015/1/25, 19, 8, , 6,occitanie
2015/1/26, 23, 6, , 11,occitanie
2015/1/27, 14, 7, , 10,occitanie
2015/1/28, 19, 9, , 19,occitanie
2015/1/29, 27, 5, , 15,occitanie
2015/1/30, 16, 7, , 11,occitanie
2015/1/31, 20, 6, , 6,occitanie
2015/2/1, 14, 8, , 14,occitanie
2015/2/2, 12, 18, , 11,occitanie
2015/2/3, 39, 17, , 14,occitanie
2015/2/4, 47, 15, , 11,occitanie
2015/2/5, 37, 20, , 15,occitanie
2015/2/6, 55, 30, , 16,occitanie
2015/2/7, 81, 28, , 10,occitanie
2015/2/8, 65, 20, , 20,occitanie
2015/2/9, 59, 42, , 31,occitanie
2015/2/10, 88, 49, , 29,occitanie
2015/2/11, 96, 53, , 31,occitanie
2015/2/12, 112, 50, , 32,occitanie
2015/2/13, 103, , , ,occitanie
2015/2/16, 67, 26, , 12,occitanie
2015/2/17, 56, 18, , 18,occitanie
2015/2/18, 60, 36, , 25,occitanie
2015/2/19, 94, 43, , 28,occitanie
2015/2/20, 93, 19, , 9,occitanie
2015/2/21, 43, 5, , 5,occitanie
2015/2/22, 15, 10, , 14,occitanie
2015/2/23, 23, 8, , 4,occitanie
2015/2/24, 15, 8, , 5,occitanie
2015/2/25, 21, 9, , 14,occitanie
2015/2/26, 29, 15, , 9,occitanie
2015/2/27, 35, 11, , 17,occitanie
2015/2/28, 39, 32, , 18,occitanie
2015/3/1, 74, 17, , 14,occitanie
2015/3/2, 30, 13, , 18,occitanie
2015/3/3, 36, 8, , 8,occitanie
2015/3/4, 19, 6, , 4,occitanie
2015/3/5, 15, 16, , 24,occitanie
2015/3/6, 49, 25, , 22,occitanie
2015/3/7, 60, 28, , 18,occitanie
2015/3/8, 73, 36, , 25,occitanie
2015/3/9, 85, 48, , 31,occitanie
2015/3/10, 108, 40, , 25,occitanie
2015/3/11, 80, 35, , 27,occitanie
2015/3/12, 83, 30, , 12,occitanie
2015/3/13, 56, 7, , 9,occitanie
2015/3/14, 7, 14, , 7,occitanie
2015/3/15, 7, 20, , 20,occitanie
2015/3/16, 48, 18, , 19,occitanie
2015/3/17, 46, 26, , 23,occitanie
2015/3/18, 68, 43, , 28,occitanie
2015/3/19, 101, 52, , 24,occitanie
2015/3/20, 125, 46, , 13,occitanie
2015/3/21, 103, 17, , 7,occitanie
2015/3/22, 62, 19, , 20,occitanie
2015/3/23, 62, 34, , 20,occitanie
2015/3/24, 69, 8, , 7,occitanie
2015/3/25, 19, 10, , 6,occitanie
2015/3/26, 27, 9, , 3,occitanie
2015/3/27, 12, 10, , 8,occitanie
2015/3/28, 35, 5, , 6,occitanie
2015/3/29, 20, 9, , 8,occitanie
2015/3/30, 25, 11, , 7,occitanie
2015/3/31, 11, 14, , 3,occitanie
2014/10/1, 70, 22, , 20,occitanie
2014/10/2, 71, 23, , 19,occitanie
2014/10/3, 78, 23, , 14,occitanie
2014/10/4, 79, 18, , 7,occitanie
2014/10/5, 57, 16, , 13,occitanie
2014/10/6, 54, 32, , 17,occitanie
2014/10/7, 83, 40, , 17,occitanie
2014/10/8, 84, 47, , 16,occitanie
2014/10/9, 81, 28, , 11,occitanie
2014/10/10, 67, 17, , 13,occitanie
2014/10/11, 67, 39, , 4,occitanie
2014/10/12, 69, 40, , 14,occitanie
2014/10/13, 61, 34, , 16,occitanie
2014/10/14, 61, 25, , 18,occitanie
2014/10/15, 76, 27, , 18,occitanie
2014/10/16, 71, 23, , 16,occitanie
2014/10/17, 73, 28, , 16,occitanie
2014/10/18, 75, 24, , 12,occitanie
2014/10/19, 70, 30, , 16,occitanie
2014/10/20, 81, 29, , 7,occitanie
2014/10/21, 72, 13, , 5,occitanie
2014/10/22, 52, 14, , 14,occitanie
2014/10/23, 60, 20, , 25,occitanie
2014/10/24, 67, , , ,occitanie
2014/10/27, 85, 127, , 21,occitanie
2014/10/28, 89, 365, , 21,occitanie
2014/10/29, 95, 143, , 22,occitanie
2014/10/30, 102, 36, , 22,occitanie
2014/10/31, 109, 39, , 13,occitanie
2014/11/1, 119, 31, , 9,occitanie
2014/11/2, 89, 23, , 5,occitanie
2014/11/3, 61, 28, , 13,occitanie
2014/11/4, 53, 10, , 9,occitanie
2014/11/5, 55, 16, , 18,occitanie
2014/11/6, 69, 31, , 26,occitanie
2014/11/7, 83, 24, , 22,occitanie
2014/11/8, 21, 17, , 8,occitanie
2014/11/9, 15, 15, , 19,occitanie
2014/11/10, 43, 24, , 6,occitanie
2014/11/11, 9, 10, , 16,occitanie
2014/11/12, 8, 23, , 28,occitanie
2014/11/13, 65, 33, , 13,occitanie
2014/11/14, 52, 7, , 13,occitanie
2014/11/15, 36, 17, , 16,occitanie
2014/11/16, 52, 11, , 18,occitanie
2014/11/17, 36, 16, , 23,occitanie
2014/11/18, 57, 31, , 21,occitanie
2014/11/19, 89, 24, , 13,occitanie
2014/11/20, 62, 29, , 19,occitanie
2014/11/21, 70, 31, , 17,occitanie
2014/11/22, 60, 24, , 12,occitanie
2014/11/23, 68, 37, , 16,occitanie
2014/11/24, 73, 18, , 15,occitanie
2014/11/25, 55, 14, , 15,occitanie
2014/11/26, 42, 20, , 17,occitanie
2014/11/27, 38, 29, , 12,occitanie
2014/11/28, 41, 25, , 8,occitanie
2014/11/29, 54, 12, , 4,occitanie
2014/11/30, 29, 13, , 10,occitanie
2014/12/1, 45, 14, , 11,occitanie
2014/12/2, 33, 10, , 12,occitanie
2014/12/3, 28, 20, , 13,occitanie
2014/12/4, 50, 9, , 11,occitanie
2014/12/5, 17, 4, , 14,occitanie
2014/12/6, 22, 13, , 8,occitanie
2014/12/7, 38, 8, , 13,occitanie
2014/12/8, 22, 11, , 12,occitanie
2014/12/9, 30, 25, , 23,occitanie
2014/12/10, 54, 8, , 13,occitanie
2014/12/11, 16, 26, , 19,occitanie
2014/12/12, 63, 31, , 21,occitanie
2014/12/13, 52, 44, , 16,occitanie
2014/12/14, 63, 34, , 20,occitanie
2014/12/15, 66, 11, , 11,occitanie
2014/12/16, 24, 10, , 14,occitanie
2014/12/17, 16, 3, , 8,occitanie
2014/12/18, 8, 8, , 13,occitanie
2014/12/19, 15, 4, , 12,occitanie
2014/12/20, 12, 13, , 19,occitanie
2014/12/21, 46, 33, , 28,occitanie
2014/12/22, 83, 45, , 18,occitanie
2014/12/23, 105, 35, , 19,occitanie
2014/12/24, 89, 13, , 7,occitanie
2014/12/25, 28, 7, , 11,occitanie
2014/12/26, 25, 12, , 17,occitanie
2014/12/27, 31, 8, , 6,occitanie
2014/12/28, 19, , , ,occitanie
2014/7/1, 63, 22, , 13,occitanie
2014/7/2, 58, 19, , 18,occitanie
2014/7/3, 70, 36, , 13,occitanie
2014/7/4, 72, 15, , 7,occitanie
2014/7/5, 59, 28, , 10,occitanie
2014/7/6, 76, 15, , 5,occitanie
2014/7/7, 45, 8, , 3,occitanie
2014/7/8, 46, 6, , 2,occitanie
2014/7/9, 44, 10, , 2,occitanie
2014/7/10, 51, 6, , 2,occitanie
2014/7/11, 45, 9, , 2,occitanie
2014/7/12, 46, 7, , 2,occitanie
2014/7/13, 47, 5, , 2,occitanie
2014/7/14, 44, 12, , 10,occitanie
2014/7/15, 54, 16, , 16,occitanie
2014/7/16, 68, 24, , 17,occitanie
2014/7/17, 71, 19, , 13,occitanie
2014/7/18, 66, 20, , 13,occitanie
2014/7/19, 64, 51, , 7,occitanie
2014/7/20, 64, 5, , 2,occitanie
2014/7/21, 38, 8, , 4,occitanie
2014/7/22, 51, 10, , 11,occitanie
2014/7/23, 53, 19, , 14,occitanie
2014/7/24, 72, 26, , 18,occitanie
2014/7/25, 70, 16, , 8,occitanie
2014/7/26, 66, 11, , 5,occitanie
2014/7/27, 66, 14, , 7,occitanie
2014/7/28, 62, 5, , 4,occitanie
2014/7/29, 41, 6, , 4,occitanie
2014/7/30, 50, 14, , 14,occitanie
2014/7/31, 59, 19, , 19,occitanie
2014/8/1, 64, 16, , 10,occitanie
2014/8/2, 65, 13, , 7,occitanie
2014/8/3, 57, 13, , 9,occitanie
2014/8/4, 59, 10, , 9,occitanie
2014/8/5, 52, 13, , 11,occitanie
2014/8/6, 56, 11, , 6,occitanie
2014/8/7, 55, 10, , 9,occitanie
2014/8/8, 51, 15, , 9,occitanie
2014/8/9, 43, 32, , 8,occitanie
2014/8/10, 70, 28, , 4,occitanie
2014/8/11, 63, 8, , 10,occitanie
2014/8/12, 55, 11, , 4,occitanie
2014/8/13, 47, 7, , 3,occitanie
2014/8/14, 45, 8, , 2,occitanie
2014/8/15, 43, 6, , 3,occitanie
2014/8/16, 44, 4, , 7,occitanie
2014/8/17, 51, 17, , 13,occitanie
2014/8/18, 67, 20, , 9,occitanie
2014/8/19, 62, 8, , 8,occitanie
2014/8/20, 55, 12, , 12,occitanie
2014/8/21, 57, 13, , 14,occitanie
2014/8/22, 60, 9, , 3,occitanie
2014/8/23, 50, 4, , 6,occitanie
2014/8/24, 48, 10, , 13,occitanie
2014/8/25, 55, 15, , 6,occitanie
2014/8/26, 65, 7, , 5,occitanie
2014/8/27, 47, 12, , 15,occitanie
2014/8/28, 56, 18, , 15,occitanie
2014/8/29, 61, 6, , 10,occitanie
2014/8/30, 48, 9, , 7,occitanie
2014/8/31, 54, 8, , 7,occitanie
2014/9/1, 52, 13, , 12,occitanie
2014/9/2, 54, 17, , 18,occitanie
2014/9/3, 62, 21, , 16,occitanie
2014/9/4, 65, 21, , 16,occitanie
2014/9/5, 70, 19, , 16,occitanie
2014/9/6, 71, 28, , 11,occitanie
2014/9/7, 83, 28, , 14,occitanie
2014/9/8, 76, 13, , 14,occitanie
2014/9/9, 60, 17, , 16,occitanie
2014/9/10, 63, 21, , 16,occitanie
2014/9/11, 76, 17, , 14,occitanie
2014/9/12, 64, 13, , 15,occitanie
2014/9/13, 60, 16, , 11,occitanie
2014/9/14, 66, 25, , 16,occitanie
2014/9/15, 68, 16, , 14,occitanie
2014/9/16, 61, 35, , 14,occitanie
2014/9/17, 73, 25, , 14,occitanie
2014/9/18, 66, 46, , 19,occitanie
2014/9/19, 81, 37, , 9,occitanie
2014/9/20, 71, 14, , 8,occitanie
2014/9/21, 60, 9, , 12,occitanie
2014/9/22, 54, 24, , 10,occitanie
2014/9/23, 75, 17, , 9,occitanie
2014/9/24, 69, 22, , 12,occitanie
2014/9/25, 78, 18, , 21,occitanie
2014/9/26, 72, , , ,occitanie
2014/9/28, 81, 32, , 16,occitanie
2014/9/29, 74, 14, , 11,occitanie
2014/9/30, 63, 18, , 15,occitanie
2014/5/31, 49, 15, , 12,occitanie
2014/6/1, 59, 23, , 6,occitanie
2014/6/2, 59, 14, , 9,occitanie
2014/6/7, 70, , , 14,occitanie
2014/6/8, 78, , , ,occitanie
2014/6/10, 73, 28, , 21,occitanie
2014/6/11, 70, 30, , 18,occitanie
2014/6/12, 75, 26, , 18,occitanie
2014/6/13, 73, 13, , 5,occitanie
2014/6/14, 64, 12, , 9,occitanie
2014/6/15, 47, 15, , 14,occitanie
2014/6/16, 60, 18, , 14,occitanie
2014/6/17, 56, 15, , 13,occitanie
2014/6/18, 58, 15, , 14,occitanie
2014/6/19, 59, 20, , 18,occitanie
2014/6/20, 69, 20, , 14,occitanie
2014/6/21, 71, 24, , 9,occitanie
2014/6/22, 68, 23, , 14,occitanie
2014/6/23, 60, 16, , 13,occitanie
2014/6/24, 71, 15, , 15,occitanie
2014/6/25, 58, 16, , 9,occitanie
2014/6/26, 62, 16, , 9,occitanie
2014/6/27, 64, 26, , 14,occitanie
2014/6/28, 75, 12, , 1,occitanie
2014/6/29, 45, 9, , 7,occitanie
2014/6/30, 53, 23, , 18,occitanie
2020/8/22, , 5, , ,occitanie
2020/8/23, , 6, 30, 8,occitanie
2020/7/12, , 14, 44, 10,occitanie
2019/12/31, , 30, , 13,occitanie
2019/7/17, , 18, 42, 3,occitanie
2019/5/28, , 9, 33, 3,occitanie
2019/1/6, , 11, 21, 10,occitanie
2018/12/2, , 22, 17, 17,occitanie
2017/12/31, , 5, , 8,occitanie
2018/1/9, , 25, , 27,occitanie
2017/10/10, , 9, , 21,occitanie
2017/11/18, , 12, , 15,occitanie
2017/11/19, , 21, , 26,occitanie
2017/9/10, , 3, , 2,occitanie
2017/4/2, , 20, , 5,occitanie
2016/5/14, , 15, , 8,occitanie
2016/5/31, , 9, , 6,occitanie
2016/6/1, , 6, , 5,occitanie
2016/3/17, , 24, , ,occitanie
2015/12/31, , 16, , 8,occitanie
2015/9/5, , 5, , 4,occitanie
2015/9/13, , 11, , 6,occitanie
2015/4/15, , 35, , 25,occitanie
2015/5/31, , 19, , 14,occitanie
2015/6/1, , 20, , 15,occitanie
2015/6/6, , 16, , 7,occitanie
2015/6/7, , 16, , 11,occitanie
2015/6/25, , 19, , 18,occitanie
2015/6/27, , 12, , 5,occitanie
2014/12/31, , 22, , 16,occitanie
2015/1/11, , 33, , 33,occitanie
2015/2/15, , 25, , 23,occitanie
2014/10/26, , 32, , 18,occitanie
2014/9/27, , 26, , 13,occitanie
2014/5/30, , 12, , 11,occitanie
2014/6/3, , 17, , 6,occitanie
2014/6/9, , 22, , 20,occitanie
2019/7/15, , , 45, 14,occitanie
2019/7/16, , , 49, 15,occitanie
2019/5/27, , , 22, 1,occitanie
2019/1/4, , , 19, 14,occitanie
2019/1/5, , , 23, 13,occitanie
2018/12/1, , , 9, 10,occitanie
2018/12/5, , , , 13,occitanie
2017/4/1, , , , 5,occitanie
2014/6/6, , , , 13,occitanie
